,id,publish_time,title,channelId,channelTitle,,dimension,definition,caption,licensedContent,viewCount,likeCount,commentCount,favoriteCount,categoryId,category,tags
0,ktesDdqT5lU,2022-12-07T16:00:12Z,"Brawl Stars: Brawl Talk - BYE Boxes, FREE New Brawler, and STARR ROAD!!!",UCooVYzDxdwTtGYAkcPmOgOw,Brawl Stars,,2d,hd,TRUE,TRUE,7024697,432678,37336,0,20,Gaming,"['brawl stars', 'mobile game', 'mobile strategy game', 'mobile rpg', 'mobile battle royale', 'battle royale', 'supercell game', 'byebyeboxes', '3 new brawlers', 'starr road', 'candyland', 'season 16']"
1,R15uYFpeBG0,2022-12-07T15:30:29Z,Star Wars: The Bad Batch Season 2 | Official Trailer | Disney+,UCZGYJFUizSax-yElQaFDp5Q,Star Wars,,2d,hd,TRUE,TRUE,1644762,71588,3951,0,20,Gaming,
2,LXzPkkQirnM,2022-12-06T14:00:15Z,[HOONIGAN] Gymkhana 2022: Travis Pastrana Goes Berserk in Florida in a 862HP Subaru Wagon,UCXlfi8sf6cKGQ8sOd0-yRuw,Hoonigan,,2d,hd,FALSE,TRUE,4517495,195673,10418,0,20,Gaming,"['Hoonigan', 'hoonegan', 'Ken Block', 'hoon', 'hooning', 'travis pastrana', 'travis pastrana gymkhana', 'gymkhana 2022', 'subaru gl wagon gymkhana', 'subaru motorsports', 'travis pastrana subaru', 'fort lauderdale', 'modified cars', 'car stunts', 'gymkhana 11', 'gymkhana eleven', 'subaru gymkhana', 'cleetus mcfarland', 'el camino', 'drag race', 'dragsters', 'drag racers', 'monster truck', 'monster jam', 'grave digger', 'sonuva digger', 'son-uva digger', 'helicopter', 'florida', 'subaru wagon', 'ft lauderdale']"
3,ue_Vvfed6T4,2022-12-07T15:00:06Z,The 10 best new Pok√©mon in Scarlet and Violet,UC9OZkS1Mhl5UvKSiPrYqsxg,WolfeyVGC,,2d,hd,FALSE,TRUE,506090,25148,1795,0,20,Gaming,"['Wolfey', 'Pokemon', 'VGC', 'Wolfe Glick', 'Competitive Pokemon', 'Pokemon VGC', 'twitch', 'pokemon nuzlocke', 'nuzlocke', 'hardcore nuzlocke', 'smallant', 'ludwig', 'pokemon challenge', 'pokemon challenges', 'alpharad', 'wolfeyvgc', 'purplecliffe', 'pm7', 'pokemen7', 'mandjtv', 'shiny pokemon', 'pokemon scarlet', 'pokemon violet', 'scarlet', 'violet', 'scarlet and violet', 'fuecoco', 'quaxly', 'sprigatito', 'new pokemon', 'Pok√©mon', 'best new pokemon', '10 best new pokemon', 'scarlet and violet new pokemon', 'strongest new pokemon', 'new pokemon tier list']"
4,nMIG5iGvylY,2022-12-06T19:05:03Z,Game Theory: You Are Being LIED To! (Bendy and The Dark Revival),UCo_IB5145EVNcf8hw1Kku7w,The Game Theorists,,2d,hd,TRUE,TRUE,1404546,77286,3253,0,20,Gaming,"['Bendy and the dark revival', 'bendy', 'bendy 2', 'batdr', 'bendy and the ink machine', 'batim', 'bendy lore', 'bendy lore explained', 'bendy ending explained', 'bendy theory', 'bendy explained', 'bendy bendy ending', 'bendy full game', 'bend 2 trailer', 'bendy and the dark revival trailer', 'bendy and the dark revival ending', 'bendy alice angel', 'bendy all endings', 'MatPat', 'Game Theory', 'Game Theory Bendy', 'MatPat Bendy', 'bendy and the dark revival full game', 'bendy and the dark revival gameplay', 'game theorists']"
5,IuY54A3bOmg,2022-12-07T16:00:16Z,Lana Del Rey - Did you know that there's a tunnel under Ocean Blvd (Audio),UC3N5y6UWKJaKqoU2b_0MfTQ,LanaDelReyVEVO,,2d,hd,FALSE,TRUE,1234863,187876,19714,0,10,Music,"['Lana', 'Del', 'Rey', 'Did', 'you', 'know', 'that', ""there's"", 'tunnel', 'under', 'Ocean', 'Blvd', '(Audio)', 'Polydor', 'Records', 'Pop']"
6,2xUKzeflvR0,2022-12-07T16:50:52Z,True Facts: Animal Awards,UCVpankR4HtoAVtYnFDUieYA,zefrank1,,2d,hd,FALSE,TRUE,475474,49549,1484,0,10,Music,
7,lPdhXdSiBzY,2022-12-07T15:44:05Z,Bangladesh vs India Highlights || 2nd ODI || India tour of Bangladesh 2022,UCNU0Vv6U1xZS82cIQrgDeqw,Rabbihtolebd Sports,,2d,hd,FALSE,TRUE,6998725,135890,8567,0,10,Music,"['gtv live', 'rabbithole live', 'cricket live', 'live cricket', 'Rabbitholebd Sports', 'Gtv live', 'Gazi tv', 'cricket match highlights', 'match highlights video', 'cricket highlights', 'odi highlights', 'Highlights', 'gtv live cricket', 'gtv live streaming', 'odi live', 'odi cricket match', 'Bangladesh vs India', 'BDvsIN', 'Banvsind', 'India vs Bangladesh', 'Bangladesh', 'India', 'Shakib Al Hasan', 'Miraz', 'Kohli', 'India tour of Bangladesh', 'All', 'Wickets', 'Bangladesh vs India Highlights || 2nd ODI || India tour of Bangladesh 2022']"
8,x41zqK4JLA0,2022-12-06T19:16:41Z,CHAPTER 4 MEMES (best season),UCw1SQ6QRRtfAhrN_cjkrOgA,LazarBeam,,2d,hd,FALSE,TRUE,2147434,132850,4387,0,10,Music,
9,G-d2bkcPEb4,2022-12-07T17:00:12Z,I Built a LEGO Train Around My CEILING!,UCq4qiifOaFGW3a2oljSfxUg,Half-Asleep Chris,,2d,hd,TRUE,TRUE,397902,18874,1551,0,10,Music,
10,sV-kFe_Wbt8,2022-12-06T21:36:00Z,Pat McAfee Reacts To Andrew Luck Finally Explaining Why He Retired 3 Years After,UCxcTeAKWJca6XyJ37_ZoKIQ,The Pat McAfee Show,,2d,hd,FALSE,TRUE,1039953,12967,2696,0,17,Sports,"['pat mcafee', 'podcast', 'sports', 'nfl', 'ncaa', 'football', 'kicker', 'pat mcafee show', 'american football', 'nfl news', 'pat mcafee clips', 'pat mcafee reacts', 'pat mcafee highlights', 'pat mcafee live', 'pat mcafee show live', 'pat mcafee podcast', 'the pat mcafee show', 'pat mcafee andrew luck', 'pat mcafee andrew luck retirement', 'pat mcafee andrew luck picture', 'andrew luck', 'andrew luck highlights', 'andrew luck retiring', 'andrew luck retirement speech', 'andrew luck interview', 'andrew luck retires during game']"
11,M4nVV0XJbN8,2022-12-07T03:39:37Z,2022 Music Icon Shania Twain Performs | People‚Äôs Choice Awards 2022,UCccjdJEay2hpb5scz61zY6Q,NBC,,2d,hd,TRUE,TRUE,285471,3206,413,0,17,Sports,"['shania twain', 'music icon', 'performance', '2022 people‚Äôs choice awards', 'nbc', 'live', 'tuesday night', 'award show', 'celebrities', 'performances', 'winner', 'people‚Äôs choice', 'country music', 'music icon performance']"
12,vwbQxMY7yds,2022-12-06T18:05:06Z,Film Theory: Who‚Äôs REALLY in Control?! (DHMIS),UC3sznuotAs2ohg_U__Jzj_Q,The Film Theorists,,2d,hd,TRUE,TRUE,1682778,111183,3871,0,17,Sports,"['Dhmis', 'don‚Äôt hug me i‚Äôm scared', 'dhmis tv show', 'dhmis season 2', 'dhmis season 1', 'dhmis tv', 'dont hug me im scared season 2', 'don‚Äôt hug me i‚Äôm scared 2022', 'dont hug me im scared new episodes', 'dhmis react', 'dhmis reaction', 'dhmis trailer', 'dhmis theory', 'dhmis episode one', 'dont hug me im scared', 'don‚Äôt hug me im scared tv show', 'red guy', 'yellow guy', 'dhmis duck', 'dhmis episode 1', 'dhmis episode 2', 'dhmis intro', 'dhmis book', 'lesley dhmis', 'matpat dhmis', ""don't hug me i'm scared""]"
13,9K0tx1afExw,2022-12-06T20:15:00Z,Hermitcraft 9: Episode 30 - BACK TO HERMITCRAFT!,UCR9Gcq0CMm6YgTzsDxAxjOQ,Grian,,2d,hd,TRUE,TRUE,867032,64924,4194,0,17,Sports,"['Minecraft', 'Grian', 'building', 'grian', 'mincraft', 'yt:quality=high', 'minecraft', 'hermitcraft', 'minecraft hermitcraft', 'season 9', 'grian hermitcraft', 'grumbot', 'minecraft multiverse', 'episode 30']"
14,a1OrQIg-7ao,2022-12-06T15:00:08Z,Destiny 2: The Witch Queen - Season of the Seraph Trailer,UC52XYgEExV9VG6Rt-6vnzVA,Destiny 2,,2d,hd,TRUE,FALSE,932948,31273,3389,0,17,Sports,['Destiny']
15,Qsbe1pD8ocE,2022-12-06T15:52:00Z,The Horror of the Slaver Ant,UCsXVk37bltHxD1rDPwtNM8Q,Kurzgesagt ‚Äì In a Nutshell,,2d,hd,TRUE,TRUE,2567337,168832,6649,0,27,Education,
16,1ez1tgiY5ds,2022-12-07T17:03:15Z,Avatar: The Way of Water l Nothing Is Lost (You Give Me Strength) by The Weeknd,UC0WP5P-ufpRfjbNrmOWwLBQ,The Weeknd,,2d,hd,FALSE,FALSE,516452,46897,2066,0,27,Education,"['the weeknd', 'avatar', 'avatar 2', 'avatar the Wayne of water', 'the way of water avatar', 'the weeknd avatar', 'the weeknd avatar the way of water', 'the weeknd nothing is lost', 'weeknd', 'weeknd avatar', 'weeknd nothing is lost', 'nothing is lost weeknd', 'nothing is lost weeknd avatar', 'the weekend']"
17,2vfmL4q2koo,2022-12-06T15:00:00Z,RM 'Still Life (with Anderson .Paak)' Official MV,UC3IZKseVpdzPSBaWxBxundA,HYBE LABELS,,2d,hd,TRUE,TRUE,4989437,1092067,59217,0,27,Education,"['HYBE', 'HYBE LABELS', 'ÌïòÏù¥Î∏å', 'ÌïòÏù¥Î∏åÎ†àÏù¥Î∏îÏ¶à']"
18,OoDHM_A1axc,2022-12-07T15:59:35Z,M3GAN - official trailer 2,UCq0OueAsdxH6b8nyAspwViw,Universal Pictures,,2d,hd,TRUE,TRUE,850550,12061,1730,0,27,Education,
19,rL0aTngmXsc,2022-12-07T00:00:10Z,Fredo Bang - Double Dutch (Official Video),UC8FHFLWe9KkG0eoxPMIgcpg,Fredo Bang,,2d,hd,FALSE,TRUE,185193,15202,786,0,27,Education,
20,_G1g7UxSFRg,2022-12-07T01:00:09Z,Rio Da Yung OG - Speak The Truth (Official Video),UCjUy5GbylYJC6kxJZYRwwVA,Rio Da Yung OG,,2d,hd,FALSE,TRUE,160891,18614,1505,0,10,Music,"['Rio Da Yung OG', 'Speak The Truth', '#Boyz Entertainment LLC', 'Empire']"
21,zqlKtXf8eo0,2022-12-07T14:15:02Z,I dry-aged STEAKS in 3 yrs. PEPPERS and eat it!,UCfE5Cz44GlZVyoaYTHJbuZw,Guga Foods,,2d,hd,FALSE,TRUE,509827,19936,1148,0,10,Music,"['spicy', 'dry age', 'experiment', 'cooking', 'griling', 'best steak', 'steak cooking', 'how to grill', 'how to make steak', 'spicy steak', 'steak experiment', 'food', 'steak expert', 'steak channel']"
22,fMPJ1uEfWz0,2022-12-06T23:48:06Z,"Thank you, Benny",UCOgaIuQYGr6ow_jbote4BKA,Maximilian Dood,,2d,hd,FALSE,TRUE,557360,81965,12559,0,10,Music,"['maximilian', 'dood', 'fighting', 'games', 'capcom', 'street', 'fighter', 'hype', 'rage', 'max', 'reaction', 'twitch', 'videos', 'yo', 'videogames', 'maximilian_dood', 'max dood', 'dude', 'stream', 'streaming', 'benny', 'dog']"
23,Ss9AjwvRHGk,2022-12-07T04:00:09Z,XSOLEIL - HOLD IT DOWN (Official Music Video) | NIJISANJI EN,UC-JSeFfovhNsEhftt1WHMvg,NIJISANJI EN Official,,2d,hd,FALSE,TRUE,670777,86226,3946,0,10,Music,"['„Å´„Åò„Åï„Çì„Åò', 'nijisanji', 'NIJISANJI EN', 'NIJISANJI English', 'LazuLight', 'envtuber', 'Vtuber', 'vtuber', 'virtual youtuber', 'anime', 'OBSYDIA', 'Ethyria', 'Luxiem', 'Noctyx', 'ILUNA', 'XSOLEIL', 'Zaion LanZa', 'Doppio Dropscythe', 'Meloco Kyoran', 'Hex Haywire', 'Kotoka Torahime', 'Ver Vermillion', 'aia amare', 'kyo kaneko', 'nijisanji vtuber debut', 'debut program', 'nijisanji en debut']"
24,rWoEsIBYwn8,2022-12-07T14:00:10Z,Guiding Stars 2022,UCEeHmfGLcSga8gRlHCMt6zg,Google Local Guides,,2d,hd,TRUE,FALSE,325614,19509,6886,0,10,Music,
25,l57BByr5-V8,2022-12-07T01:09:53Z,Sounds from the Sideline | #INDvsDAL | Dallas Cowboys 2022,UCC0BPKJxAyxjQoRTYbpW0FQ,Dallas Cowboys,,2d,hd,FALSE,TRUE,238752,6798,585,0,17,Sports,"['dallas cowboys', 'sounds from the sideline dallas cowboys', 'cowboys', 'dallas cowboys sounds from the sideline', 'micah parsons', 'cowboys sounds from the sideline', 'micah parsons highlights', 'dak presoctt', 'trevon diggs', ""cowboys mic'd up"", 'ceedee lamb', ""dallas cowboys mic'd up"", 'cowboys vs washington', 'sounds of the sideline cowboys', 'cowboys sound', 'cowboys sideline sounds', 'cowboys break', 'talkin cowboys', 'dallas cowboys highlights', 'hanging with the boys', 'ezekiel elliott']"
26,QYROE3BcHVg,2022-12-06T21:15:10Z,Portugal vs. Switzerland Highlights | 2022 FIFA World Cup,UCooTLkxcpnTNx6vfOovfBFA,FOX Soccer,,2d,hd,FALSE,TRUE,2645495,24409,3006,0,17,Sports,"['raphael guerreiro', 'cristiano ronaldo', 'rafel leao', 'portugal', 'switzerland', 'world cup', 'portugal vs switzerland', 'world cup highlights', 'goncalo ramos', 'pepe', 'ronaldo', 'ramos', 'soccer', 'fox soccer', 'soccer on fox', 'world cup on fox', 'fox sports', 'fifa world cup', '2022 fifa world cup', 'fifa world cup mens', 'mens fifa world cup', 'fifa world cup 22', 'fifa world cup highlights', 'qatar', 'qatar world cup', 'fifa world cup 2022', 'round of 16', 'knockout stage']"
27,2C0C8iC7rbc,2022-12-07T06:27:50Z,Inside the NBA reacts to Steph Curry Full Court Shots Video üòÅ,UCqQo7ewe87aYAe7ub5UqXMw,House of Highlights,,2d,hd,TRUE,TRUE,495577,7135,684,0,17,Sports,"['stephen curry', 'golden state warriors', 'nba', 'steph curry', 'stephen curry highlights', 'inside the nba', 'shaq', ""shaquille o'neal"", 'charles barkley']"
28,giOOCTS-b3I,2022-12-06T17:00:19Z,A Boogie Wit da Hoodie - Water (Drowning Pt.2) (feat. Kodak Black) [Official Visualizer],UCfgsFOdVScKetBXYrFNr5LQ,A Boogie Wit da Hoodie,,2d,hd,FALSE,TRUE,386909,22950,1263,0,17,Sports,"['artisthbtl', 'a boogie wit da hoodie', 'a boogie', 'hoodie szn', 'look back at it', 'international artist', 'the bigger artist', 'artist', 'highbridge', 'highbridge the label', 'atlantic', 'atlantic records', 'drowning', 'keke', 'my shit', 'beast mode', 'horses', 'jungle', 'kodak black', 'me vs myself', 'take shots', 'tory lanez', 'kai cenat', 'apollo theater', 'from the block', 'bouba savage', 'b lovee', 'g herbo', 'lil durk', 'goat', 'whatnycsoundslike', 'barclays center', 'me vs myself tour', 'tiktok', 'trending', 'chanelly', 'don q', 'artist 2.0']"
29,QxHMixhJPHA,2022-12-07T14:00:10Z,How Much Does China Lie About Its Economic Statistics?,UCZ4AMrDcNrfy3X6nsU8-rPg,Economics Explained,,2d,hd,FALSE,TRUE,286227,11333,926,0,17,Sports,"['economics', 'economics explained', 'china', 'china economy', 'economy of china']"
30,DoTwT7pi2RE,2022-12-06T20:00:07Z,The Disturbing World of Anti-Piracy..,UCaKjtSZXjFLX-vynS5pRuYQ,tuv,,2d,hd,FALSE,TRUE,327201,26506,1592,0,24,Entertainment,"['tuv', 'The Disturbing World of Anti-Piracy Measures..']"
31,wOzVDJHllkU,2022-12-06T22:43:14Z,Creating Minecraft's Most Advanced Military,UCIDQSqdVuNwtfRMKqfX-o7g,Sipover,,2d,hd,FALSE,TRUE,471860,23038,1498,0,24,Entertainment,
32,6XpAb11hqy4,2022-12-06T16:00:02Z,Brendan Fraser & Adam Sandler | Actors on Actors,UCgRQHK8Ttr1j9xCEpCAlgbQ,Variety,,2d,hd,TRUE,TRUE,605427,20636,1432,0,24,Entertainment,"['Variety', 'Variety Studio', 'brendan fraser george of the jungle', 'brendan fraser airheads', 'adam sander brendan fraser snl', 'brendan fraser snl', 'adam sandler snl', 'adam sandler hustle', 'brendan fraser the whale', 'brendan fraser variety', 'actors on actors', 'brendan fraser interview']"
33,vluo9tQcTDU,2022-12-06T18:22:59Z,Morocco vs. Spain Highlights | 2022 FIFA World Cup | Round of 16,UCooTLkxcpnTNx6vfOovfBFA,FOX Soccer,,2d,hd,FALSE,TRUE,2815417,27031,4279,0,24,Entertainment,"['spain', 'morocco', 'spain vs morocco', 'yassine bono', 'world cup', 'spain vs morocco highlights', 'fifa world cup', 'bono', 'penalty kicks', 'pks', 'knockout stage', 'round of 16', 'morocco vs spain', 'soccer', 'fox soccer', 'soccer highlights', '2022 fifa world cup', 'fifa world cup mens', 'mens fifa world cup', 'fifa world cup 22', 'world cup highlights', 'fifa world cup highlights', 'qatar', 'qatar world cup', 'fifa world cup 2022']"
34,K1oVo6o74rw,2022-12-06T22:30:01Z,7 Ways to Escape Real Minecraft Prison,UC1n_yB_W-FZCbwajZPcs8Jw,UnspeakablePlays,,2d,hd,FALSE,TRUE,278653,5681,473,0,24,Entertainment,"['minecraft', 'unspeakable', 'unspeakableplays', 'mini game', 'game', 'custom', 'crazy', 'challenge', 'modded', 'games', 'maps', 'secret', 'funny moments', 'minecraft pe', 'pocket edition', 'unspeakablegaming', 'trolling', 'gameplay', 'playthrough', 'tutorial', 'traps', 'glitch', 'funny', 'craziest', 'prank', 'pranks', 'no cursing', 'no swearing', 'creations', 'facts', 'how to', 'parody', 'adventure', 'comedy', 'video', 'unspeakableplays minecraft', 'Minecraft in real life', 'Minecraft IRL', 'minecraft versus real life', 'Minecraft vs IRL', 'Minecraft but real', 'Minecraft prison escape']"
35,6gQ7N7HWeoI,2022-12-07T04:53:07Z,Sen. Warnock Georgia Senate race | Full victory speech,UCzF4Ryn8TKn64md77gS5Q5Q,11Alive,,2d,hd,TRUE,TRUE,254986,4675,2472,0,25,News & Politics,"['candidates', 'elections', 'local', 'news', 'politics', 'elections 2022', 'warnock', 'warnock walker results', 'warnock walker', 'elections results']"
36,XTqQO3xYnxQ,2022-12-07T14:00:15Z,"After Disaster Strikes, Ben Gets SURPRISE Of A Lifetime!!",UCm6Enc4guGzJyAnQmq9BUSw,Fab Rats,,2d,hd,FALSE,TRUE,328403,42983,4189,0,25,News & Politics,"['fab rats', 'jeep', 'jeeping', 'matts off road recovery', 'surprise', 'new whip', 'giveaway', 'jeep build']"
37,4xLZ5Vc5s74,2022-12-07T06:24:19Z,HSBC BWF World Tour Finals 2022 | Tan/Muralitharan (MAS) vs. Rahayu/Ramadhanti (INA) | Group B,UChh-akEbUM8_6ghGVnJd6cQ,BWF TV,,2d,hd,FALSE,TRUE,120347,223,37,0,25,News & Politics,"['#HSBCbadminton', '#BWF', '#badminton', '#BWFWorldTour', '2022', 'HSBC BWF World Tour Finals 2022', 'wt_2022', 'HSBC BWF World Tour Finals', 'm_C99D04D4-0B11-416E-9F7B-3C1617AB775F_291', 'p_85551', 'TAN Pearly', 'p_68628', 'THINAAH Muralitharan', 'p_81462', 'Apriyani RAHAYU', 'p_88097', 'Siti Fadia Silva RAMADHANTI', 'r_R1', 't_C99D04D4-0B11-416E-9F7B-3C1617AB775F', 'donotshow']"
38,MVGHGzVxDr8,2022-12-07T04:00:08Z,Hanzel La H ‚ùå Randy Johnson ‚ùå (Official Video),UC-r4xTOSzBHlBtdct0LPuUw,Hanzel TV,,2d,hd,FALSE,TRUE,118614,6109,929,0,25,News & Politics,
39,Lcd0df7jwpM,2022-12-05T15:30:00Z,You People | feat. Eddie Murphy and Jonah Hill | Official Teaser | Netflix,UCWOA1ZGywLbqmigxE4Qlvuw,Netflix,,2d,hd,TRUE,TRUE,6401668,38784,3444,0,25,News & Politics,"['America', 'Anthony Anderson', 'Black', 'Clash', 'Comedy', 'Culture', 'David Duchovny', 'Eddie Murphy', 'Edgy', 'Family', 'Family Dynamics', 'Generational', 'Hate', 'Jewish', 'Jonah Hill', 'Julia Louis-Dreyfus', 'Lala Anthony', 'Lauren London', 'Love', 'Mike Epps', 'Modern Love', 'Muslim', 'Netflix', 'Netflix Film', 'Netflix Movie', 'Nia Long', 'Race', 'Religion', 'Rom-Com', 'Romance', 'Sam Jay', 'White', 'You People']"
40,f-WXOSecftw,2022-12-06T18:00:12Z,Try Not To Laugh Challenge #109 w/ Kallmekris,UCYJPby9DRCteedh5tfxVbrw,Smosh Pit,,2d,hd,FALSE,TRUE,513702,35674,1772,0,22,People & Blogs,"['smosh', 'smosh pit', 'smosh games', 'funny', 'comedy', 'kallmekris', 'kris collins', 'tiktok', 'tiktok comedian', 'improv comedy', 'improv']"
41,eqIMS3mNtyY,2022-12-07T02:28:13Z,Are Me And Brooklyn Together? THE TRUTH,UC7B5jDU0RvTtxKrUoIhBHiw,Jay Cinco,,2d,hd,FALSE,TRUE,173452,11215,775,0,22,People & Blogs,"['jy cinco', 'brook', 'jay and brooklyn', 'Brooklyn frost', 'jay cinco', 'new', 'comedy', 'couples', 'youth', 'black', 'funny']"
42,DROjvnApr3E,2022-12-07T01:39:32Z,I Built A Giant Spider-Man!,UCR_J_SntqJh5eXw66d5hJxA,Matthew Beem,,2d,hd,FALSE,TRUE,392839,14656,1412,0,22,People & Blogs,"['mbeem10', 'matthew beem', 'beem team', 'spider-man', 'spider-man no way home', 'giant spiderman', 'I Actually Climbed A Building Like Spiderman', 'andrew garfield', 'most popular superheroes ranked', 'disney junior', 'Post', 'Malone', 'Swae', 'Lee', 'Sunflower', 'airrack', 'Spider-Verse', 'Tom Holland', 'Zendaya', 'peter parker', 'baylen levine', 'BIG SPIDER MAN', 'FLAHO Junior', 'Best Of Spider Man Saves', 'spidey compilation', 'spidey and his amazing friends', 'spiderman for kids', 'spiderman into spiderverse', 'funko pop']"
43,546KChtqyRg,2022-12-06T20:00:02Z,Making useless items useful in Minecraft,UChFur_NwVSbUozOcF_F2kMg,Mumbo Jumbo,,2d,hd,FALSE,TRUE,544315,46201,2728,0,22,People & Blogs,"['I make Useless Items Useful in Minecraft', 'Mumbo Jumbo Minecraft', 'Mumbo Jumbo', 'Mumbo', 'Minecraft video', 'Minecraft', 'I make useless items useful in Minecraft', 'useless Minecraft features', 'useless Minecraft', 'Minecraft glow squid', 'glow squid', 'Minecraft chest boat', 'Minecraft fletching table', 'Minecraft is a bad game', 'Minecraft redstone builds', 'Minecraft redstone', 'Minecraft engineering skills', 'I made useless features useful in Minecraft', 'useless features useful in Minecraft']"
44,SVpwEiK-j4E,2022-12-06T19:00:06Z,Overwatch 2 - EVERY HERO CHANGE for SEASON 2,UCQH4V9PiY_eLo4Ihr1tWCwQ,KarQ,,2d,hd,FALSE,TRUE,510491,15890,1525,0,22,People & Blogs,"['overwatch 2', 'overwatch 2 season 2', 'overwatch 2 mythic junkerqueen', 'overwatch 2 doomfist buffs', 'overwatch 2 sojourn nerfs', 'overwatch 2 kiriko nerfs', 'overwatch 2 bastion buffs', 'overwatch 2 patch notes', 'overwatch 2 season 2 buffs and nerfs', 'overwatch 2 season 2 changes']"
45,hxp8tWX_Tco,2022-12-06T22:32:25Z,Fortnite Will NEVER Be The Same..,UCYn6CZe5UGIyPe9WJb0pTrg,Top5Gaming,,2d,hd,FALSE,TRUE,1627802,37318,2211,0,20,Gaming,"['fortnite chapter 4', '30 Fortnite UPDATES Coming To CHAPTER 4!', 'fortnite', 'fortnite updates', 'fortnite chapter 4 updates', 'fortnite new update', 'new fortnite update', 'fortnite new', 'new fortnite', 'fortnite chapter 4 easter eggs', 'fortnite chapter 4 secrets', 'fortnite chapter 4 new', 'new fortnite chapter', 'fortnite new chapter', 'fortnite mr beast', 'mr beast fortnite', 'fort', 'nite', 'battle royale', 'chapter 4', 'new', 'update', 'video']"
46,OiwtDNS_ULQ,2022-12-06T22:21:50Z,Hopefully We Are Wrong About This Next Storm,UCBBsPuUY-8UwkSim4zLXp1w,"Ryan Hall, Y'all XTRA",,2d,hd,FALSE,TRUE,527820,24549,856,0,20,Gaming,"['ryan hall', 'ryan hall yall', 'ryanhallyall', 'yall', 'weather', 'weather forecast', 'tornado', 'hurricane', 'snow', 'blizzard', 'meteorologist', 'meteorology', 'weather channel']"
47,QoC8R3KHk8E,2022-12-06T19:25:47Z,My Smart Home is Stupid,UCXuqSBlHAE6Xw-yeJA0Tunw,Linus Tech Tips,,2d,hd,FALSE,TRUE,1797416,69636,5387,0,20,Gaming,"['linus smart house heating', 'smart in floor heating', 'fixing my broken smart house', 'my smart house is broken', 'my smart house is stupid']"
48,eTDC7DSiaQY,2022-12-06T04:40:36Z,New Orleans Saints vs. Tampa Bay Buccaneers | 2022 Week 13 Game Highlights,UCDVYQ4Zhbm3S2dlz7P1GBDg,NFL,,2d,hd,TRUE,TRUE,2786431,30541,5286,0,20,Gaming,
49,JkL6iC0Oilk,2022-12-06T19:31:59Z,THE MOMENT MOROCCO KNOCK SPAIN OUT ON PENALTIES,UCnU7ly6zEcQxUScjhkgFYAQ,Thogden,,2d,hd,FALSE,TRUE,1043101,44847,5607,0,20,Gaming,"['morocco vs spain', 'spain vs morocco', 'maroc', 'frmf', 'Hakimi', 'ziyech', 'dimamaghrib', 'Buono', 'dima maghrib', 'morocco fans', 'morocco vs spain 2022', 'morocco vs spain highlights', 'morocco spain', 'morocco vs spain penalty', 'morocco vs spain penalties', 'morocco 3-0 spain penalties', 'morocco', 'spain', 'morocco vs spain penalty world cup', 'morocco vs spain round of 16', 'morocco Vs Spain 3-0', 'spain vs morocco penalty highlights', 'hakimi penalty', 'hakimi chip', 'morocco vs spain penalty 2022']"
50,ef61ePnXlkM,2022-12-06T22:15:02Z,"Will Travis Hunter Transfer to Colorado with Deion Sanders? | NCAA Transfer Portal, Deion Sanders",UCn2g2Wy8uiE9BhDPV4knT7A,On3,,2d,hd,FALSE,TRUE,157883,1733,432,0,17,Sports,"['College football News', 'CFB News', 'On3', 'ESPN college football', 'The Hard Count', 'J.D. PicKell', 'Inside Scoop', 'Josh Newberg', 'Deion Sanders Colorado Transfer Portal', 'Travis Hunter', 'Shiloh Sanders', 'Shedeur Sanders', 'SWAC', 'Celebration Bowl', 'Colorado Buffs Football', 'Travis Hunter Transfer', 'NCAA Transfer Portal', 'PAC 12', 'Colorado NIL', 'Deion Sanders NIL', 'Jackson State Football', 'Jackson State Football Coach', 'Coach Prime', 'Deion Sanders Colorado Press Conference', 'Deion Sanders Team Meeting']"
51,1nD4Fgh7sLk,2022-12-05T17:00:09Z,"FaZe Kaysan - Plenty (feat. Nardo Wick, G Herbo, Babyface Ray & BIG30) [Official Music Video]",UC3tGgtVq187uDAUgOhyiwwg,FaZe Kaysan,,2d,hd,FALSE,FALSE,1347916,69069,2034,0,17,Sports,"['faze kaysan', 'faze', 'faze clan', 'plenty', 'plenty faze kaysan', 'nardo wick', 'g herbo', 'babyface ray', 'BIG30', 'kaysan', 'kaysan plenty official', 'nardo', 'babyface', 'drill music', 'kai cenat', 'Fanum', 'Yourrage', 'Bruce', 'BruceDropEmOff', 'AMP', 'Jerry Productions', 'bruce', 'nyc drill']"
52,Hb449LzAG9k,2022-12-06T13:00:09Z,"Home Alone| Moving into my New Apartment, Paris vlog, BLACKPINK Concert!",UCSGoIq_tVESqNYF1Re-zn1Q,HJ Evelyn,,2d,hd,FALSE,TRUE,733735,45048,1636,0,17,Sports,"['hjevelyn', 'Evelyn ha', 'Emily ha', 'erica ha', 'korean siblings', 'korean sisters', 'siblings', 'hjevelyn room tour', 'hjevelyn speaking in korean', 'hjevelyn nyc', 'nyc', 'New York city', 'blackpink', 'kpop', 'BTS', '24 hour challenges', 'Michelle choi', 'living alone diaries', 'nyc vlog', 'home alone', 'Nicole laeno', 'I live alone vlog', 'nyc apartment tour']"
53,mgx-XT_2H0k,2022-12-06T18:00:26Z,GUESS WHAT I GOT - Episode 3 - Minecraft Modded (Vault Hunters),UCZ9x-z3iOnIbJxVpm1rsu2A,iskall85,,2d,hd,FALSE,TRUE,318623,18706,812,0,17,Sports,"['minecraft', 'modded minecraft', 'minecraft mods 2022', 'best minecraft mod 2022', 'vault hunters', 'vaulthunters', 'vault hunters modpack', 'iskall modded minecraft', 'modded minecraft lets play', 'modded minecraft 2022', 'iskall85', 'vault hunters tutorial', 'minecraft mods', 'modded base minecraft', 'vault hunters mod', 'iskall mod', 'minecraft base', 'vault hunters 1.18', 'vodskall85', 'minecraft farms', 'vault hunter farms', 'automation minecraft', 'minecraft automation farms']"
54,qJt480wjCjk,2022-12-06T20:59:53Z,Generation Loss: The Social Experiments Official Teaser,UCIXoKTsxY1tJwRk8LTpWk0g,Generation Loss,,2d,hd,FALSE,FALSE,219362,35108,2470,0,17,Sports,"['generation loss', 'genloss', 'ranboo horror', 'generationloss', 'ranboo']"
55,I3gvvJ8JHs4,2022-12-06T14:00:08Z,ELDEN RING | Free Colosseum Update trailer,UCETrNUjuH4EoRdZNFx9EI-A,BANDAI NAMCO Europe,,2d,hd,FALSE,TRUE,583921,20560,2267,0,20,Gaming,
56,agE-bB9y8JE,2022-12-06T00:00:41Z,Shadow The Hedgehog - The Search for yet Another Ending,UC8kCtPyCPg50n3XjmjRraGw,Lythero,,2d,hd,FALSE,TRUE,687908,45975,1806,0,20,Gaming,"['Lythero', 'Smash', 'Marvel vs Capcom', 'Mario Kart']"
57,4IfDVg7gxiY,2022-12-07T00:05:13Z,"RAREST EMOTE IS BACK! Fortnite Item Shop Update [December 6th, 2022] (Fortnite Battle Royale)",UCIZP6nCTyU9VV0zIhY7q1Aw,I Talk,,2d,hd,FALSE,TRUE,151882,5114,1628,0,20,Gaming,"['italk', 'italkfortnite', 'chapter 3', 'chapter 3 news', 'fortnite item shop', 'fortnite battle royale', 'fortnite chapter 3']"
58,eLLv0Xf-9S0,2022-12-06T20:34:42Z,Viewers Pick Dan's Outfits,UCGjylN-4QCpn8XJ1uY-UOgA,Daniel Howell,,2d,hd,TRUE,TRUE,197792,30068,1567,0,20,Gaming,"['dan and phil', 'dan howell', 'phil lester', 'real', 'talk', 'dystopia', 'daily', 'amazingphil', 'danisnotonfire', 'phil', 'dan', 'comedy', 'talkshow', 'interview', '2022', 'gaming channel', 'reveal', 'something we want to tell you', 'youtube', 'daniel', 'daniel howell', 'british', 'youtubers', 'best', 'game', 'chat', 'spill', 'fashion', 'viewers', 'pick', 'my', 'outfits', 'challenge', 'costume', 'clothes', 'tag']"
59,uOSnQM1Zu4w,2022-12-06T14:00:31Z,What Is A Black Start Of The Power Grid?,UCMOqf8ab-42UUQIdVoKwjlQ,Practical Engineering,,2d,hd,TRUE,TRUE,528948,26759,1362,0,20,Gaming,
60,TB-6c1VzCa0,2022-12-06T18:03:50Z,I'M NOW A HERMIT!?.. | Empires SMP x Hermitcraft | #24,UC6XAct-Bus4x3mYz3VC_HUw,Solidarity,,2d,hd,FALSE,TRUE,182724,13545,788,0,20,Gaming,"['empires smp', 'empires smp rift', 'empires smp multiverse', 'empires smp hermitcraft', 'hermitcraft empires smp', 'empires smp x hermitcraft', 'empires smp crossover', 'hermitcraft crossover', 'minecraft empires smp', 'solidaritygaming', 'smajor', 'ldshadowlady', 'smallishbeans', 'katherineelizabeth', 'fwhip', 'mythicalsausage', 'falsesymmetry', 'geminitay', 'pixlriffs', 'joeygraceffa', 'shubble', 'minecraft 1.19 empires smp', 'empires smp s2 episode 24', 'empires smp s2 #24', 'empires smp s2 ep 24', 'empires smp on hermitcraft']"
61,EMr5VfYvazE,2022-12-06T23:24:48Z,Ramattra is the MOST FUN Tank HANDS DOWN in Overwatch 2!!!,UCulXXKKrC3LjQpxGNPNMFPA,Flats,,2d,hd,FALSE,TRUE,339316,9637,967,0,20,Gaming,"['Flats', 'Flats Overwatch', 'FlatsOW', 'Flats_OW', 'flats bronzes', 'overwatch', 'Overwatch streamer', 'Florida mayhem Flats', 'overwatch 2', 'Overwatch 2', 'flats', 'florida mayhem flats', 'Overwatch', 'rammattra', 'ramattra', 'rammatra', 'flats overwatch 2', 'overwatch 2 flats', 'flats ramattra', 'ramattra overwatch 2']"
62,vLN3p6KAOuM,2022-12-07T03:00:46Z,Wanderer Is INCREDIBLE... But Needs Help! 4‚òÖ Weapon C0 Wanderer Showcase (Genshin Impact),UC8BTtymnCZ7jTvt09cjPMwQ,Gacha Gamer,,2d,hd,TRUE,TRUE,303807,11052,1298,0,20,Gaming,"['genshin impact', 'genshin', 'genshin wanderer', 'genshin scaramouche', 'wanderer genshin impact', 'scaramouche genshin impact', 'genshin impact wanderer guide', 'wanderer showcase', 'c0 wanderer', 'c0 wanderer showcase', 'wanderer', 'scaramouche', 'wanderer review', 'genshin impact wanderer gameplay', 'wanderer damage', 'is wanderer worth it', 'wanderer build', 'wanderer artifacts', 'wanderer weapons', 'wanderer dps', 'wanderer skills', 'wanderer best weapons', 'wanderer guide', 'wanderer best team']"
63,NZJY8LSh5Pg,2022-12-05T22:31:24Z,Nick Eh 30 reacts to Fortnite Chapter 4 GAMEPLAY!,UCt9nYeSz90lnOnaVFjxFJzw,Nick Eh 30,,2d,hd,FALSE,TRUE,763429,19516,1290,0,20,Gaming,"['fortnite', 'fortnite gameplay', 'fortnite battle royale', 'fortnite funny moments', 'fortnite new update', 'fortnite victory royale', 'Fortnite Item Shop', 'Fortnite funny', 'Fortnite tips', 'Fortnite Update', 'Fortnite How To Win', 'Fortnite how to play', 'Fortnite Victory Royale', 'Fortnite tournament', 'fortnite best moments', 'Fortnite event', 'Nick eh 30', 'FORTNITE new map', 'Fortnite live', 'Fortnite nick eh 30', 'fortnite new season', 'Fortnite Chapter 4', 'Fortnite Chapter 4 Season 1']"
64,0CTp1a-aCUM,2022-12-03T21:00:00Z,"100 Kids Vs 100 Adults For $500,000",UCX6OQ3DkcsbYNE6H8uQQuVA,MrBeast,,2d,hd,TRUE,TRUE,50566879,2182258,75297,0,20,Gaming,
65,ugRxHHGk-WE,2022-12-05T16:06:58Z,Good Good Explanation | There‚Äôs Two Sides to Every Story,UCgUueMmSpcl-aCTt5CuCKQw,Grant Horvat Golf,,2d,hd,FALSE,FALSE,718367,29160,5519,0,17,Sports,
66,P_NEIbwvnqM,2022-12-05T23:00:12Z,"Internet Upset At Deion Sanders For Telling Colorado Players To Transfer, Misinterpreted¬†Speech?",UCxcTeAKWJca6XyJ37_ZoKIQ,The Pat McAfee Show,,2d,hd,FALSE,TRUE,1014091,11568,2437,0,17,Sports,"['pat mcafee', 'podcast', 'sports', 'nfl', 'ncaa', 'football', 'for the brand', 'punter', 'kicker', 'pat mcafee show', 'american football', 'nfl news', 'pat mcafee clips', 'pat mcafee reacts', 'pat mcafee highlights', 'pat mcafee live', 'pat mcafee show live', 'pat mcafee podcast', 'the pat mcafee show', 'deion sanders press conference', 'deion sanders', 'deion sanders colorado', 'deion sanders highlights', 'deion sanders leaving jackson state', 'deion sanders colorado press conference', 'deion sanders meets colorado players']"
67,pL7hOU8cYkI,2022-12-05T21:31:35Z,Brazil vs. South Korea Highlights | 2022 FIFA World Cup | Round of 16,UCooTLkxcpnTNx6vfOovfBFA,FOX Soccer,,2d,hd,FALSE,TRUE,3219811,28465,3915,0,17,Sports,"['Paik Seung-Ho', 'Lucas Paquet√°', 'Richarlison', 'brazil vs. south korea', 'brazil south korea highlights', 'neymar', 'neymar jr', 'Vin√≠cius J√∫nior', 'fifa world cup', 'fox', 'fox sports', 'soccer', 'fox sports soccer', 'fox soccer', 'World Cup on FS1', 'World Cup on FOX', 'World Cup', 'World Cup Soccer', '2022 FIFA World Cup', 'FIFA', 'Qatar 2022', 'Qatar World Cup', 'World Cup Highlights', 'Highlights', 'FIFA World Cup Highlights', 'Brazil', 'Pele', 'South Korea']"
68,zPO2JY_EIyQ,2022-12-05T19:00:15Z,I got access to Ramattra EARLY!!,UCulXXKKrC3LjQpxGNPNMFPA,Flats,,2d,hd,FALSE,TRUE,878625,30197,3391,0,17,Sports,"['Flats', 'Flats Overwatch', 'FlatsOW', 'Flats_OW', 'flats bronzes', 'overwatch', 'Overwatch streamer', 'Florida mayhem Flats', 'overwatch 2', 'Overwatch 2', 'flats', 'florida mayhem flats', 'Overwatch', 'rammattra', 'ramattra', 'rammatra', 'flats overwatch 2', 'overwatch 2 flats', 'flats ramattra', 'ramattra flats', 'ramattra gameplay']"
69,8AmBytdl7BM,2022-12-05T01:13:19Z,The ULTIMATE SPICY Wings Challenge!! *DANGEROUS*,UCQCjPX6e8jI3ukAS-FijXjw,MindofRez,,2d,hd,FALSE,TRUE,1716988,102335,9407,0,17,Sports,"['Mindofrez', 'mind of rez', 'mindofrez fortnite', 'mindofrez prank', 'kaylen', 'mindofrez challenging', 'rez', 'faze kay', 'mindofrez jayden', 'jarvis', 'mindofrez kaylen', 'mindofrez squad', 'kaylen vs jarvis', 'faze sway', 'faze clan', 'kaylen the god', 'faze jarvis', 'mindofrez vlogs']"
70,ir_SGJ2m2e8,2022-12-05T19:43:03Z,Defending Deion Sanders,UCYHApapZYNwGcgJO7iMIaDw,Rickey Smiley,,2d,hd,FALSE,TRUE,190229,10797,3586,0,17,Sports,"['Rickey Smiley', 'Deion Sanders', 'Defending', 'Coach Prime', 'Jackson State University', 'College Football', 'Live', 'Colorado']"
71,1yXTUQZALFE,2022-12-04T17:45:41Z,"SIDEMEN $100,000 vs $100 CHRISTMAS SONG",UCDogdKl7t7NHzQ95aEwkdMw,Sidemen,,2d,hd,FALSE,TRUE,6381349,387434,9149,0,17,Sports,"['sidemen', 'sidemen sunday', '#sidemensunday']"
72,t3WqjIerGQo,2022-12-06T15:47:41Z,Elden Ring DLC 01 TRAILER Breakdown! Colosseum Update!,UCMjd7Sh1Dwf7mywMEDH4OqA,Ziostorm,,2d,hd,FALSE,TRUE,185681,6169,1254,0,17,Sports,"['elden ring', 'elden ring dlc', 'colosseum', 'colosseum update', 'elden ring dlc trailer', 'news', 'elden ring news', 'elden ring update', 'from software', 'bloodborne', 'bloodborne 2', 'dark souls', 'dark souls 2', 'dark souls 3', 'dark souls 4', 'elden beast', 'elden ring cut content', 'elden ring easter egg', 'elden ring gameplay', 'elden ring lore', 'elden ring secret boss', 'elden ring secrets', 'elden ring trailer', 'fromsoftware games', 'melina', 'miyazaki', 'playstation 5', 'ranni', 'ranni questline elden ring', 'soulsborne', 'pvp']"
73,Oh8b_P7_AuA,2022-12-05T14:00:19Z,A$AP Rocky - Shittin' Me (Official Video),UCHE7rAi1Fw1CBmQXFtvJmrw,LIVELOVEASAPVEVO,,2d,hd,FALSE,TRUE,1622375,134163,5600,0,17,Sports,"['asap rocky', 'a$ap rocky', 'asap mob', 'rocky', 'asap rocky music', 'asap rocky new music', 'asap rocky babushka', 'asap rocky babushka boi', 'asap rocky babushka boy', 'asap rocky rihanna', 'asap rocky peso', 'asap rocky fell in love with you', 'asap rocky dmb', 'asap rocky fashion killa', 'asap rocky shittin me', 'asap rocky shitting me', 'kendrick lamar', 'vince staples', 'drake', 'school boy', 'pusha', 'flatbush', 'A$AP Rocky', 'A$AP Worldwide/Polo Grounds Music/RCA Records', 'Rap']"
74,KehujfbRBts,2022-12-05T21:57:09Z,3 things i learned from 800 days of vlogging,UCtinbF-Q-fVthA0qrFQTgXQ,CaseyNeistat,,2d,hd,FALSE,TRUE,927163,46868,2295,0,17,Sports,
75,i1oEHCKpE4U,2022-12-06T00:00:13Z,„ÄêTEASER„Äë'XSOLEIL' VTuber Debut (09-10 Dec) | Special Debut Program on 09-10 Dec | NIJISANJI EN,UC-JSeFfovhNsEhftt1WHMvg,NIJISANJI EN Official,,2d,hd,FALSE,TRUE,602025,55616,3623,0,24,Entertainment,"['„Å´„Åò„Åï„Çì„Åò', 'nijisanji', 'NIJISANJI EN', 'NIJISANJI English', 'LazuLight', 'envtuber', 'Vtuber', 'vtuber', 'virtual youtuber', 'anime', 'OBSYDIA', 'Ethyria', 'Luxiem', 'Noctyx', 'ILUNA', 'XSOLEIL', 'nijisanji en teaser', 'nijisanji en debut', 'vtuber debut']"
76,vmpLa0KvvwI,2022-12-06T06:35:26Z,MAX REACTS: Project L 2022 Update is CRAZY,UCOgaIuQYGr6ow_jbote4BKA,Maximilian Dood,,2d,hd,FALSE,TRUE,297606,18652,1805,0,24,Entertainment,"['maximilian', 'dood', 'online', 'ranked', 'matches', 'fighting', 'games', 'marvel', 'vs', 'capcom', '360', 'playstation', 'ps3', 'ps4', 'pc', 'killer', 'instinct', 'street', 'fighter', 'mortal', 'kombat', 'soul', 'calibur', 'guilty', 'gear', 'funny', 'injustice', 'anime', 'hype', 'rage', 'max', 'reaction', 'ps5', 'xbox', 'resident', 'evil', 'tekken', 'project l', 'league', 'of', 'legends', 'roster', 'characters', 'project L', 'league of fighters', 'project L reaction', 'project l gameplay']"
77,QMXRHu6viSk,2022-12-05T04:03:15Z,2022 YouTube Streamy Awards,UCyps-v4WNjWDnYRKmZ4BUGw,Airrack,,2d,hd,FALSE,TRUE,1828527,61662,3223,0,24,Entertainment,"['streamy awards', 'streamys', '2022 youtube streamy awards', 'streamies', 'stream awards']"
78,OzUVy-TO6KQ,2022-12-05T13:00:20Z,$800 Brakes vs $4700 Brakes,UCL6JmiMXKoXS6bpP1D3bk8g,Donut Media,,2d,hd,TRUE,TRUE,1560650,81089,6396,0,24,Entertainment,"['donut', 'donut media', 'cars', 'james pumphrey', 'up to speed', 'moneypit']"
79,gZOIWx9lhUM,2022-12-05T18:28:27Z,SZA - Blind (Live at SNL),UCKzhoblE_rPZbHtQKPVUp2A,SZAVEVO,,2d,hd,FALSE,TRUE,521515,45854,936,0,24,Entertainment,"['Blind', 'R&B', 'SZA', 'Top Dawg Entertainment/RCA Records', 'Sza', 'sza shirt', 'shirt tiktok', 'sza shirt full song', 'shirt official video', 'shirt sped up', 'hate', 'sza hate', 'lakeith stanfield', 'summer walker', 'ari lennox', 'tde', 'new sza', 'bloodstain sza', 'bloodstain on my shirt', 'bloodstain', 'sza ctrl', 'jhene aiko', 'syd', 'shirt official trailer', 'wonder if hate you', 'steve lacy', 'rnb 2022', 'rnb tiktok songs', 'her', 'ella mai', 'brent faiyaz', 'sza album 2022', 'psa', 'teaser']"
80,zgdR8rdYYKI,2022-12-05T20:04:05Z,JJ Redick Explains How The Lakers Are Winning (Spoiler: It's More Than Just Anthony Davis),UCbPY1Efha9VPRBYW2x1M16A,JJ Redick,,2d,hd,FALSE,TRUE,385231,4896,660,0,17,Sports,"['jj redick', 'jj redick youtube', 'jj redick youtube channel', 'the old man and the three', 'the old man and the three things', 'jj redick podcast', 'the los angeles lakers', 'the los angeles lakers youtube', 'anthony davis', 'lebron james', 'lebron lakers', 'anthony davis lakers', 'ad lakers', 'jj redick lakers', 'jj redick anthony davis', 'jj redick lebron james', 'lebron james youtube', 'anthony davis highlights', 'lebron james highlights', 'espn', 'first take', 'lakers first take', 'lakers espn']"
81,NHEE_-87mNE,2022-12-05T04:00:05Z,"Character Demo - ""Wanderer: Of Solitude Past and Present"" | Genshin Impact",UCiS882YPwZt1NfaM0gR0D9Q,Genshin Impact,,2d,hd,TRUE,FALSE,2942771,263415,11800,0,17,Sports,"['Amber', 'amber vtuber', 'genshi', 'genshi game', 'genshi impact', 'genshi video', 'genshin', 'genshin game', 'genshin impact', 'genshin impact 2020', 'genshin impact game', 'genshin impact good', 'genshin impact graphics', 'genshin impact introduction', 'genshin impact manga', 'genshin impact wiki', 'geshin', 'geshin game', 'Teyvat', 'yuanshen game', 'miHoYo China', 'miHoYo Japan', 'adventure story', 'open world game', 'anime style', 'MMORPG', 'anime games', 'mobile game', 'MMO PlayStation', 'yt:cc=on']"
82,jnpiRp1srP8,2022-12-06T02:24:20Z,Travis Hunter Decisions!!!,UCMUu7nPaq5CIh6ul361bDzw,Travis Hunter,,2d,hd,FALSE,TRUE,218409,4731,340,0,17,Sports,"['Deion sanders', 'Coach prime', 'Shilo sanders', 'Jackson state university', 'Jackson state football', 'Jackson Mississippi', 'Alabama state football', 'Shedeur sanders', 'ESPN', 'Overtime', 'First take', 'Stephen A Smith', 'Sports Center', 'Espn Game Day', 'College football', 'College Game Day', 'Football Highlights', 'terrellowens', 'halloffame', 'BCU', 'Travis Hunter', 'Deion Sanders Jr', 'Skip Bayless', 'Darius Sanders', 'travishuntertouchdown', 'alcorn state', 'travis hunter pick 6']"
83,XXYxZySYeFU,2022-12-04T08:00:11Z,Fortnite Chapter 4 Season 1 Launch Trailer,UClG8odDC8TS6Zpqk9CGVQiQ,Fortnite,,2d,hd,FALSE,TRUE,11288372,168297,14051,0,17,Sports,['yt:cc=on']
84,C1-YOtwvu7Y,2022-12-05T18:30:40Z,Amber Riley & Jennifer Hudson Sing ‚ÄòAnd I Am Telling You I‚Äôm Not Going‚Äô!,UCNgN5oEI2PyODSM6ZijidCg,Jennifer Hudson Show,,2d,hd,FALSE,TRUE,376985,12066,884,0,17,Sports,"['jennifer hudson', 'the jennifer hudson show', 'jhud', 'jhudson', 'jennifer', 'jeniferhudson', 'talk show', 'show', 'premiere', 'daytime', 'daytimetv', 'funny', 'entertainment', 'singing', 'jennifer hudson show', 'jennifer hudson singing', 'jhud show', 'jennifer hudson talk show', 'hilarious', 'hudson', 'amber riley', 'amber riley new', 'amber riley jennifer hudson', 'amber riley dreamgirls', 'dreamgirls', 'amber riley interview', 'glee', 'amber riley glee', 'amber riley sing', 'amber riley jhud', 'jhud singing', 'and i am telling you', 'vocals', 'christmas']"
85,bF1N6A6b5Lc,2022-12-05T14:00:13Z,SEC Shorts - Alabama tries to sneak on board the Playoffs,UCUOZvgB9Q8AgZjjLYcLWztQ,SEC Shorts,,2d,hd,TRUE,FALSE,442458,11653,1228,0,23,Comedy,
86,fDIC9CsomAY,2022-12-06T02:47:57Z,"Kirstie Alley, Emmy-winning ‚ÄòCheers‚Äô star, dies at 71",UCNSfJB-VQeHpv5ThtV1VtBA,KITV,,2d,hd,FALSE,TRUE,326098,1611,769,0,23,Comedy,
87,cZL5xfxpx9Y,2022-12-05T21:00:35Z,MOMMY AND SON SURPRISE DADDY WITH PREGNANCY ANNOUNCEMENT!,UCEgJCCqAuurk-tSvrIUs-pg,Riss & Quan,,2d,hd,FALSE,TRUE,501290,43754,2678,0,23,Comedy,"['were pregnant', 'pregnant', 'pregnancy announcement', 'telling my boyfriend im pregnant', 'baby', 'surprise', 'reaction', 'finding out im pregnant', 'family', 'love']"
88,KJYjWIiwzgo,2022-12-05T22:24:52Z,Pouring 50 Yards of Concrete for my Dream Shop Floor!!,UCBB0oz7Yo_35gnbPYGKGJTA,Diesel Creek,,2d,hd,FALSE,TRUE,452760,68867,3599,0,23,Comedy,"['concrete', 'pour', 'seamless', 'gutter', 'pump', 'fuscardo', 'radiant', 'heat', 'floor', 'shop', 'deamshop', 'slab']"
89,RuCHrfCT47A,2022-12-05T20:08:47Z,Fetty Wap's Unexpected Demise (Billboard #1 to 40 Years in Prison),UC-mP1nlk0qOutA08zuQHORA,Patrick Cc:,,2d,hd,FALSE,TRUE,406949,18459,1929,0,23,Comedy,"['patrickcc', 'patrickcctv', 'patrick cc', 'patrick Cc:', 'fetty wap trap queen', 'fetty wap yams', 'fetty wap 679', 'fetty wap prison sentence', 'fetty wap prison term', 'fetty wap arrested', 'fetty wap downfall', 'what happened to fetty wap', 'fetty wap documentary', 'fetty', 'fettywap gang', 'fettywap', 'fetty wap crimes', 'why did fetty wap fall off', 'why did fetty wap go to jail', 'why did fetty wap stop rapping', 'where are they now fetty wap', 'how big was fetty wap', 'why fetty wap fell off', 'how fetty wap fell off']"
90,tDFLtdCtwhc,2022-12-04T14:07:59Z,Hiker gets EATEN ALIVE... and lives,UCtPrkXdtCM5DACLufB9jbsA,MrBallen,,2d,hd,FALSE,TRUE,1687321,113760,11553,0,22,People & Blogs,"['strange', 'dark', 'mysterious', 'true', 'story', 'scary', 'scary story', 'horror story', 'disturbing', 'narration', 'narrator', 'storyteller', 'storytime', 'storytelling', 'solved mystery', 'true crime', 'oof', 'polar', 'polar bear', 'survive', 'survival', 'near death', 'brush with death', 'attacked', 'animal attack', 'arctic circle', 'arctic', 'apex predator', 'predator', 'canada', 'montreal', 'newfoundland', 'labrador', 'cold', 'hiking', 'camping', 'forest', 'woods', 'spooky', 'true story', 'jaws', 'adventure', 'remote', 'pristine', 'wilderness', 'backpacking', 'outdoorsman', 'maine', 'glacier', 'fjord', 'polar bears']"
91,tuufZ2qMrEE,2022-12-05T17:48:10Z,MOVING TO A NEW YORK PENTHOUSE ALONE AT 20,UC3K_V0FgEq_6SuA6X54z3GQ,Mai Pham,,2d,hd,FALSE,TRUE,752629,66488,9574,0,22,People & Blogs,"['relatable', 'cleaning clean my room at 2am', 'mai pham phammy vlog highschool']"
92,GHAF_G1Rst4,2022-12-03T23:34:04Z,NBA YoungBoy - This Not a Song ‚ÄúThis For My Supporters‚Äù,UClW4jraMKz6Qj69lJf-tODA,YoungBoy Never Broke Again,,2d,hd,FALSE,FALSE,2619047,183618,18883,0,22,People & Blogs,
93,8T66hWdkmVs,2022-12-04T14:15:50Z,"Fortnite CHAPTER 4 is HERE! (New Map, Bikes, New Weapons)",UC_q5WZtFp36adwqhKpZzxwQ,SypherPK,,2d,hd,FALSE,TRUE,1575796,46044,2857,0,22,People & Blogs,"['fortnite', 'fortnite battle royale', 'competitive', 'gaming', 'highlights', 'gameplay', 'fortnite highlights', 'fortnite tips', 'stream highlights', 'how to play', 'fortnite gameplay', 'sypher', 'new update', 'fortnite chapter 2', 'sypherpk', 'fortnite update', 'fortnite new patch', 'fortnite new item', 'everything epic didnt tell you', 'fortnite new update', 'fortnite leaks', 'fortnite event', 'mr beast fortnite', 'undercover', 'fortnite chapter 4', 'fracture event']"
94,CEdwxT3Bhxg,2022-12-05T17:00:41Z,The Legend Of The Webkinz Killer,UCWyRlMktpKbfefqBQk8U6Nw,Izzzyzzz,,2d,hd,FALSE,TRUE,297545,24207,1468,0,22,People & Blogs,
95,HWPB8hQ4tdg,2022-12-05T09:00:10Z,Ho Ho Hog Rider! Merry Clashmas! (FREE TOWER SKIN) Clash Royale,UC_F8DoJf9MZogEOU51TpTbQ,Clash Royale,,2d,hd,TRUE,TRUE,1535393,47166,960,0,20,Gaming,"['Clash Royale', 'Clash Royale Game', 'Supercell', 'Supercell Game', 'Clash Royale Supercell', 'Mobile Game']"
96,9zNqyHAP9zc,2022-12-05T16:00:21Z,/dev: Gameplay Basics & Tag | dev diary - Project L,UCJEGvSZnQ1pkVfHO8s5G8hA,Riot Games,,2d,hd,TRUE,TRUE,899039,46984,3070,0,20,Gaming,"['Riot Games', 'Life at Riot', 'Riot Careers']"
97,QfebUvE8qxY,2022-12-04T10:20:59Z,Deion Sanders on Colorado‚Äôs Campus FOR THE FIRST TIME: Tours Football Facility & Stadium,UC_n7zvkh3y3PLBIUA1lHkjw,Well Off Media,,2d,hd,FALSE,TRUE,1797343,24841,7903,0,20,Gaming,
98,T-3rmYFQUmQ,2022-12-05T16:00:11Z,Therapist Reacts to UP and Grief,UCCYX4s1DCn51Hpf1peHS30Q,Cinema Therapy,,2d,hd,TRUE,TRUE,473025,35310,3243,0,20,Gaming,"['cinematherapy', 'cinema therapy', 'mental health', 'counseling', 'therapy', 'mental health therapy', 'Jonathan Decker', 'Alan Seawright']"
99,UFug2Wf3DcU,2022-12-05T13:15:53Z,Explosions hit military bases deep within Russian territory | DW News,UCknLrEdhRCp1aegoMqRaCZg,DW News,,2d,hd,FALSE,TRUE,2286774,23110,7955,0,20,Gaming,['DW News']
100,COntxzQBqPo,2022-12-05T01:20:28Z,SZA - SOS (Official Album Trailer),UCO5IQ70V7l-XpHW40HwaGsw,SZA,,2d,hd,FALSE,FALSE,604772,75196,2731,0,10,Music,"['Sza', 'sza shirt', 'shirt tiktok', 'sza shirt full song', 'shirt official video', 'shirt sped up', 'I hate u', 'sza I hate u', 'lakeith stanfield', 'summer walker', 'ari lennox', 'tde', 'new sza', 'bloodstain sza', 'bloodstain on my shirt', 'bloodstain', 'sza ctrl', 'jhene aiko', 'syd', 'shirt official trailer', 'wonder if I hate you', 'steve lacy', 'rnb 2022', 'rnb tiktok songs', 'her', 'ella mai', 'brent faiyaz', 'sza album 2022', 'psa', 'official teaser', 'SOS']"
101,79rkm_bQefw,2022-12-05T18:00:02Z,Gogeta Dances into DEATH BATTLE!,UCB9_VH_CNbbH4GfKu8qh63w,DEATH BATTLE!,,2d,hd,FALSE,TRUE,257165,13603,2652,0,10,Music,"['DEATH BATTLE', 'Rooster Teeth', 'RT', 'DBX', 'DEATH BATTLE Cast', 'screwattack', 'dragon ball', 'super', 'gt', 'xenoverse', 'heroes', 'gogeta', 'vegeito', 'fusion', 'dance', 'potara', 'earrings', 'goku', 'vegeta', 'gotenks', 'broly', 'janemba', 'buu', 'kefla', 'beerus', 'animation', 'fight', 'versus', 'ben singer', 'chad james']"
102,I6MVl2HsoBg,2022-12-05T21:28:07Z,30 SECRETS In Fortnite CHAPTER 4!,UCYn6CZe5UGIyPe9WJb0pTrg,Top5Gaming,,2d,hd,FALSE,TRUE,1476850,32126,1876,0,10,Music,"['fortnite chapter 4', '30 SECRETS In Fortnite CHAPTER 4!', 'fortnite', 'fortnite chapter 4 secrets', 'fortnite chapter 4 secret', 'chapter 4 fortnite secrets', 'fortnite new', 'new fortnite', 'fortnite new secrets', 'chapter 4 fortnite', 'fortnite chapter 4 easter eggs', 'easter eggs chapter 4', 'secrets fortnite chapter 4', 'fortnite secrets', 'secrets fortnite', 'fort', 'nite', 'battle royale', 'chapter 4', 'new', 'update', 'video']"
103,ocExPv9XZcE,2022-12-04T19:11:24Z,LEGO GAMES in REAL-LIFE...,UCUU3GdGuQshZFRGnxAPBf_w,TD BRICKS,,2d,hd,FALSE,TRUE,1511668,34365,2527,0,10,Music,"['lego', 'legos', 'lego set', 'lego minifig', 'lego minifigure', 'lego minifigs', 'lego meme', 'lego idea', 'lego ideas', 'lego how to', 'lego tutorial', 'lego tips', 'lego tricks', 'lego builder', 'lego building', 'lego city', 'lego tips and tricks', 'lego moc', 'lego house', 'lego creations', 'lego creation']"
104,lbFfZSSJKZk,2022-12-04T10:19:12Z,*NEW* CHAPTER 4 BATTLE PASS IN FORTNITE!,UCh7EqOZt7EvO2osuKbIlpGg,Lachlan,,2d,hd,FALSE,TRUE,1234073,30689,1757,0,10,Music,"['fortnite battle royale', 'fortnite', 'lachlan', 'lachy', 'duos', 'new season', 'battle royal', 'lacy', 'laclan', 'epic games', 'gaming', 'esports', 'games', 'video games', 'poggies', 'battle royale', 'warzone', 'pubg', 'lachydachy', 'power', 'pwr', 'rocketleague', 'rlcs', 'fortniteupdate', 'update', 'battlepass', 'battle', 'pass']"
105,oNYYYgc8gA4,2022-12-05T15:00:26Z,How good are the new moves added in Scarlet and Violet?,UC9OZkS1Mhl5UvKSiPrYqsxg,WolfeyVGC,,2d,hd,FALSE,TRUE,518518,25861,2788,0,20,Gaming,"['Wolfey', 'Pokemon', 'VGC', 'Wolfe Glick', 'Competitive Pokemon', 'Pokemon VGC', 'twitch', 'pokemon nuzlocke', 'nuzlocke', 'hardcore nuzlocke', 'smallant', 'ludwig', 'pokemon challenge', 'pokemon challenges', 'alpharad', 'wolfeyvgc', 'purplecliffe', 'pm7', 'pokemen7', 'mandjtv', 'shiny pokemon', 'pokemon scarlet', 'pokemon violet', 'scarlet', 'violet', 'scarlet and violet', 'fuecoco', 'quaxly', 'sprigatito', 'new moves', 'new attacks', 'new Pokemon moves', 'new Pokemon attacks', 'pokemon move', 'pokemon attack', 'new pokemon', 'pokemon tier list', 'pokemon ranking']"
106,9W5hNKsSWlg,2022-12-05T17:30:01Z,"REACTING TO ""SIDEMEN - CHRISTMAS DRILLINGS (OFFICIAL VIDEO)""",UCjRkTl_HP4zOh3UFaThgRZw,SidemenReacts,,2d,hd,FALSE,TRUE,2107512,148844,1578,0,20,Gaming,"['Sidemen', 'Sidemen Reacts', 'SidemenReacts']"
107,uLtkt8BonwM,2022-12-03T20:20:58Z,The Last of Us | Official Trailer | HBO Max,UCx-KWLTKlB83hDI6UKECtJQ,HBO Max,,2d,hd,TRUE,TRUE,13138109,258104,18809,0,20,Gaming,"['hbo', 'hbo max', 'hbo max movie', 'hbo max series', 'hbo youtube', 'hbo max youtube', 'hbo max trailer', 'hbo trailer', 'hbo video', 'hbo max originals', 'the last of us', 'the last of us hbo', 'the last of us game', 'the last of us gaming', 'pedro pascal', 'bella ramsey', 'playstation', 'joel', 'ellie', 'infected', 'mutated fungus', 'fungus', 'post-apocalyptic', 'apocalypse', 'smuggler', 'the last of us: left behind', 'cannibalistic creatures', 'cordyceps', 'host', 'tess', 'quarantine zone', 'quarantine', 'immunity', 'immune', 'fireflies', 'outbreak', 'cure']"
108,ECm-EJDOd90,2022-12-04T19:14:06Z,Making Our Dreams Come True‚Ä¶ Shocking Reveal!,UCVe_RrR9AMeY6Z8ixOv5gtw,Ryland vlogs,,2d,hd,FALSE,TRUE,498531,28377,2725,0,20,Gaming,"['Ryland Adams', 'Shane Dawson', 'Vlogs', 'Vlogmas', 'Christmas', 'Decor', 'Home Design', 'Comedy', 'Haul', 'vlog mas', 'blog mas', 'reveal', 'vlogmas 2022']"
109,e0i_A6ALq-4,2022-12-04T21:09:34Z,Colorado Athletics Press Conference,UCeTemrMnh7mAtN99BD6jo4Q,BuffsTV,,2d,hd,FALSE,TRUE,265397,4565,1163,0,20,Gaming,"['colorado', 'buffaloes', 'university of colorado', 'colorado buffaloes', 'cu buffs', 'cu boulder', 'university of colorado boulder', 'sports', 'athletics', 'buffs']"
110,jXApEzjZkl0,2022-12-04T20:30:04Z,Donkey Kong Begins,UCsvn_Po0SmunchJYOWpOxMg,videogamedunkey,,2d,hd,FALSE,TRUE,1993960,114655,3473,0,20,Gaming,"['dunkey', 'donkey kong', 'donkey kong arcade', 'donkey kong december', 'videogamedunkey', 'donkey kong dunkey', 'donkey kong tv show', 'donkey kong beings', 'original donkey kong', 'miyamoto', 'shigeru miyamoto', 'nintendo', 'early nintendo', 'super donkey kong shake', 'minecraft but donkey kongs steals my diamonds']"
111,NdDeXYtYNE0,2022-12-05T18:00:13Z,Fortnite Chapter 4 | 21 Secrets & Easter Eggs You Need To See,UC-KM4Su6AEkUNea4TnYbBBg,PlayStationGrenade,,2d,hd,FALSE,TRUE,385908,14660,1343,0,20,Gaming,"['fortnite', 'season 1', 'ps4', 'xbox', 'PC', 'mobile', 'switch', 'playstation', 'secrets', 'map secrets', 'map changes', 'code adamaru', 'adam', 'adamaru', 'playstation grenade', 'hutwatch', 'hut watch', 'update', 'new update', 'eveything you need to know', 'foundation', 'kevin the cube', 'midas', 'shadow', 'chapter 4', 'IO', 'Rocket League', 'Bromance', 'henchbros']"
112,7c9gyRzSmmI,2022-12-05T02:14:58Z,Shedeur Sanders FIRST TIME in BOULDER COLORADO,UCZycXa7W61CN4_lhKlRnLfQ,Shedeur Sanders,,2d,hd,FALSE,TRUE,391275,7275,1066,0,20,Gaming,
113,eCx3MBITMZY,2022-12-04T14:00:17Z,Uncle Roger HATE Great British Bake Off Mexican Week (ft. Joshua Weissman),UCVjlpEjEY9GpksqbEesJnNA,mrnigelng,,2d,hd,FALSE,TRUE,1777169,78150,6715,0,20,Gaming,"['nigel ng', 'uncle roger', 'nigel ng comedy']"
114,JW-KIbV9PRU,2022-12-03T22:00:09Z,Fortnite Chapter 4 Season 1 Cinematic Trailer,UClG8odDC8TS6Zpqk9CGVQiQ,Fortnite,,2d,hd,TRUE,TRUE,8637304,141262,14214,0,20,Gaming,['yt:cc=on']
115,u7eLwLeNLt8,2022-12-04T18:00:17Z,Dark Secrets of a Country that Doesn't Exist,UCvK4bOhULCpmLabd2pDMtnA,Yes Theory,,2d,hd,FALSE,TRUE,1434025,72316,3733,0,24,Entertainment,"['yestheory', 'seek discomfort', 'yes theory strangers', 'yes theory travel', 'yes theory subscribers', 'getting out of your comfort zone', 'Amazon FBA']"
116,ZiLVNCa0Uj4,2022-12-05T11:00:18Z,Store Bought Restaurant Food Taste Test,UC4PooiX37Pld1T8J5SYT-SQ,Good Mythical Morning,,2d,hd,TRUE,TRUE,1201123,36488,865,0,24,Entertainment,"['gmm', 'good mythical morning', 'rhettandlink', 'rhett and link', 'mythical', 'rhett', 'mclaughlin', 'link', 'neal', 'will it', 'taste test']"
117,f27yorC_AGE,2022-12-04T01:04:13Z,FORTNITE *CHAPTER 4* LIVE EVENT!! (Fortnite Battle Royale),UC2wKfjlioOCLP4xQMOWNcgg,Typical Gamer,,2d,hd,FALSE,TRUE,2659417,50010,685,0,24,Entertainment,
118,J1tFQl8wv9g,2022-12-05T04:42:17Z,Indianapolis Colts vs. Dallas Cowboys | 2022 Week 13 Game Highlights,UCDVYQ4Zhbm3S2dlz7P1GBDg,NFL,,2d,hd,TRUE,TRUE,1861502,23661,3367,0,24,Entertainment,
119,jsHpW29Hy0I,2022-12-05T00:13:02Z,"You Laugh, You Get Canceled",UCKt6UNcaVIS258z9Gujeirw,Crispy Concords,,2d,hd,FALSE,TRUE,310190,20451,898,0,24,Entertainment,"['you laugh you lose', 'ylyl', 'try not to laugh', 'try not', 'laugh', 'if i laugh the video ends', 'challenge', 'discord', 'memes', 'unusual memes', 'funny', 'tik tok', 'compilation', 'react', 'reacting', 'reaction', 'you laugh you get canceled', 'cancelled', 'crispy concords']"
120,GIiCGDlIag0,2022-12-05T02:25:24Z,"The New, New, New, New, New, New, NEW Worst Game Ever",UCew5br5cO1ZKO7Z_F1WA8Bg,ThatsGoodSports,,2d,hd,FALSE,TRUE,395682,11569,2201,0,17,Sports,"['The New new new new new new new worst game ever', 'NEW Worst Game Ever', 'russell wilson', 'broncos', 'lamar jackson', 'baltimore ravens', 'Lamar Jackson injury', 'tyler huntely', 'Worst game ever', 'broncos worst game ever', 'nathaniel hackett', 'Ravens', 'Broncos ravens', 'worst nfl offenses', 'Breaking NFL News', 'NFL News', 'NFL', 'That‚Äôs Good Sports', 'Thatsgoodsports', 'Brandon Perna']"
121,Hl9iVr3ZXR8,2022-12-03T22:11:00Z,GUESS THE FOOTBALLER Ft Trent Alexander-Arnold,UCxOzbkk0bdVl6-tH1Fcajfg,Beta Squad,,2d,hd,FALSE,TRUE,5559863,283966,6333,0,17,Sports,"['Beta Squad', 'Beta', 'Squad', 'Beta Squad Guess The', 'Guess The', 'Guess the footballer', 'Footballer', 'Football player', 'Trent', 'Trent Alexander Arnold', 'King Kenny', 'Sharky', 'AJ Shabeel', 'Niko Omilana', 'Chunkz', 'Guess', 'The', 'football']"
122,NG4Ws74RV04,2022-12-03T21:46:22Z,"Yes, Established Titles Is A Scam*",UCpa-Zb0ZcQjTCPP1Dx_1M8Q,LegalEagle,,2d,hd,TRUE,TRUE,2803857,112494,16850,0,17,Sports,"['Legaleagle', 'legal eagle', 'breaking news', 'case', 'congress', 'court case', 'crime', 'guilty', 'jury', 'latest news', 'news', 'not guilty', 'political', 'politics', 'politics news', 'scotus', 'supreme court', 'the trial', 'trial', 'Verdict', 'copyright', 'law advice', 'legal analysis', 'lawyer', 'attorney', 'Real lawyer', 'Real law review']"
123,KU1NmZWQFpM,2022-12-04T23:19:20Z,The Pyramid's Buried Secrets - Totally Accurate Battle Simulator,UChZD0fgllE2i-wUlgQV_9pA,CaptainSauce,,2d,hd,FALSE,TRUE,244892,31585,4696,0,17,Sports,
124,PXT_DPZLt5c,2022-12-03T16:00:11Z,The Try Guys Make Tacos Without A Recipe,UCpi8TJfiA4lKGkaXs__YdBA,The Try Guys,,2d,hd,TRUE,TRUE,2435124,99308,5299,0,17,Sports,"['try guys', 'keith', 'ned', 'zach', 'eugene', 'habersberger', 'fulmer', 'kornfeld', 'yang', 'buzzfeedvideo', 'buzzfeed', 'ariel', 'ned & ariel', 'comedy', 'education', 'funny', 'try', 'learn', 'fail', 'experiment', 'test', 'tryceratops']"
125,KN9gQBb4up0,2022-12-05T13:00:09Z,[ÏäàÏ∑®ÌÉÄ] EP.1 SUGA with RM,UCLkAepWjdylmXSltofFvsYQ,BANGTANTV,,2d,hd,TRUE,TRUE,3918447,573073,19865,0,10,Music,"['Î∞©ÌÉÑÏÜåÎÖÑÎã®', 'BTS', 'BANGTAN', 'ÏïåÏó†', 'RM', 'ÏäàÍ∞Ä', 'SUGA', 'Ï†úÏù¥Ìôâ', 'jhope', 'ÏßÄÎØº', 'Ï†ïÍµ≠', 'k-pop', 'Î∞©ÌÉÑ', 'j-hope', 'Jung Kook', 'Jimin', 'BTS V', 'Jin', 'ÏäàÏπòÌÉÄ', 'ÏäàÏ∑®ÌÉÄ', 'ÏäàÍ∞Ä ÏïåÏó†', 'ÏäàÍ∞Ä ÌÜ†ÌÅ¨Ïáº']"
126,prPrucVR_3Y,2022-12-04T14:40:00Z,I Tried Planning My Wedding In A Week,UCGGZ_POGmIWG1pQXTDzQv-g,Michelle Khare,,2d,hd,FALSE,TRUE,746669,43936,2075,0,10,Music,
127,sXDBXVjKbp8,2022-12-04T18:30:43Z,Sidemen - Christmas Drillings Ft. JME (Official Music Video),UCh5mLn90vUaB1PbRRx_AiaA,MoreSidemen,,2d,hd,FALSE,TRUE,5195094,417537,14005,0,10,Music,"['sidemen', 'moresidemen', 'miniminter', 'ksi', 'zerkaa', 'behzinga', 'tbjzl', 'vikkstar', 'wroetoshaw']"
128,T7BMndEDYLc,2022-12-04T14:50:45Z,Bangladesh vs India Highlights || 1st ODI || India tour of Bangladesh 2022,UCNU0Vv6U1xZS82cIQrgDeqw,Rabbihtolebd Sports,,2d,hd,FALSE,TRUE,9561474,189814,14365,0,10,Music,"['gtv live', 'rabbithole live', 'cricket live', 'live cricket', 'Rabbitholebd Sports', 'Gtv live', 'Gazi tv', 'cricket match highlights', 'match highlights video', 'cricket highlights', 'odi highlights', 'Highlights', 'gtv live cricket', 'gtv live streaming', 'odi live', 'odi cricket match', 'Bangladesh vs India', 'BDvsIN', 'Banvsind', 'India vs Bangladesh', 'Bangladesh', 'India', 'Shakib Al Hasan', 'Bangladesh vs India Highlights || 1st ODI || India tour of Bangladesh 2022', 'Miraz', 'Ebadot', 'Kohli', 'Rohit', 'India tour of Bangladesh']"
129,YV4jzKT3-EM,2022-12-04T20:27:35Z,WE GOT A NEW PUPPY (frenchie),UCABbEMDC2EdsLuF0pkoV_cg,Jathaly,,2d,hd,FALSE,TRUE,186047,12156,1055,0,10,Music,"['puppy', 'new puppy', 'puppy vlog', 'we got a new puppy', 'frenchie', 'getting a frenchie', 'buying a frenchie', 'jathaly vlogs', 'funny videos', 'couple', 'couple vlog', 'funny couple videos', 'nat and Jake']"
130,fdo8hWD1taw,2022-12-05T00:33:58Z,Miami Dolphins vs. San Fransisco 49ers | 2022 Week 13 Game Highlights,UCDVYQ4Zhbm3S2dlz7P1GBDg,NFL,,2d,hd,TRUE,TRUE,1926450,22120,3542,0,17,Sports,
131,0grd767X4Jg,2022-12-05T10:00:00Z,"Character Demo - ""Faruzan: Master of Ingenious Devices"" | Genshin Impact",UCiS882YPwZt1NfaM0gR0D9Q,Genshin Impact,,2d,hd,TRUE,FALSE,1366505,106980,5228,0,17,Sports,"['Amber', 'amber vtuber', 'genshi', 'genshi game', 'genshi impact', 'genshi video', 'genshin', 'genshin game', 'genshin impact', 'genshin impact 2020', 'genshin impact game', 'genshin impact good', 'genshin impact graphics', 'genshin impact introduction', 'genshin impact manga', 'genshin impact wiki', 'geshin', 'geshin game', 'Teyvat', 'yuanshen game', 'miHoYo China', 'miHoYo Japan', 'adventure story', 'open world game', 'anime style', 'MMORPG', 'anime games', 'mobile game', 'MMO PlayStation', 'yt:cc=on']"
132,_3HXEeBz3SU,2022-12-04T03:06:41Z,Deion Sanders tells his Team that he has OFFICIALLY ACCEPTED THE JOB AS COLORADO‚ÄôS HEAD FB COACH,UC_n7zvkh3y3PLBIUA1lHkjw,Well Off Media,,2d,hd,FALSE,TRUE,1588452,18872,8059,0,17,Sports,
133,Lfkl3fLY5TM,2022-12-04T16:00:05Z,We Tried Van Life Europe for 72 Hrs (we're leaving),UC4laAHbk8VSgmvB47tsd2XQ,Eamon & Bec,,2d,hd,TRUE,TRUE,515505,25910,2347,0,17,Sports,"['van life', 'travel vlog', 'eamon and bec', 'eamon and bec cancer', 'eamon and bec van life', 'vanlife', 'van life europe', 'vanlife europe', 'van life europe vlog', 'how to van life', 'living in a van', 'living in a van europe', 'kara and nate', 'van life reality', 'we tried van life', 'i tried van life']"
134,_ZMMlr6vWm8,2022-12-03T15:00:15Z,Deep Sea Fishing Battle 2,UCRijo3ddMTht_IHyNSNXpNQ,Dude Perfect,,2d,hd,FALSE,TRUE,3630284,147858,4690,0,17,Sports,"['dude perfect', 'dude perfect stereotypes', 'dude perfect water bottle flip', 'bottle flip', 'water bottle flip', 'dude perfect bottle flip', 'dude perfect basketball', 'dp', 'dude perfect world record', 'edition', 'nerf', 'trick shots', 'trick shot', 'family', 'ping pong', 'bowling', 'clean', 'family friendly', 'bubble wrap', 'soccer', 'football', 'spinner', 'spinners', 'fidget spinners', 'dude', 'battle', 'deep', 'sea', 'fishing', 'battle 2', 'marlin', 'mahi', 'dorado', 'panama', 'tropic', 'star', 'lodge', 'sparky', 'throw', 'up', 'sail', 'fish', 'comeback', 'huge', 'massive', 'viral', 'trending']"
135,EsZjTPEwdZk,2022-12-03T02:16:49Z,Revealing My Family after 3 years,UCQCjPX6e8jI3ukAS-FijXjw,MindofRez,,2d,hd,FALSE,TRUE,2546209,186406,14637,0,24,Entertainment,"['Mindofrez', 'mind of rez', 'mindofrez fortnite', 'mindofrez prank', 'kaylen', 'mindofrez challenging', 'rez', 'faze kay', 'mindofrez jayden', 'jarvis', 'mindofrez kaylen', 'mindofrez squad', 'kaylen vs jarvis', 'faze sway', 'faze clan', 'kaylen the god', 'faze jarvis', 'mindofrez vlogs']"
136,5Hs6samexb8,2022-11-30T17:48:09Z,Tunisia vs. France Highlights - FIFA World Cup 2022,UC--i2rV5NCxiEIPefr3l-zQ,TSN,,2d,hd,FALSE,TRUE,2565831,18595,2323,0,24,Entertainment,"['Tunisia', 'France', 'FIFA World Cup', 'World Cup', 'Group Stage', 'TSN']"
137,VtdKZ6s2w2U,2022-12-04T14:00:11Z,When (and how) to watch Season 3,UCBXOFnNTULFaAnj24PAeblg,The Chosen,,2d,hd,FALSE,TRUE,335917,13424,1265,0,24,Entertainment,"['the chosen', 'the chosen tv series', 'bingeJesus', 'GetUsedtoDifferent', 'Faith-based', 'Bible show', 'Bible study', 'Christianity', 'church', 'Jesus show', 'what to watch', 'tv show', 'filmmaking', 'Season 3']"
138,AR2n2TsJuNE,2022-12-04T04:00:06Z,"Character Teaser - ""Wanderer: Ashes"" | Genshin Impact",UCiS882YPwZt1NfaM0gR0D9Q,Genshin Impact,,2d,hd,TRUE,FALSE,2836803,332806,13985,0,24,Entertainment,"['Amber', 'amber vtuber', 'genshi', 'genshi game', 'genshi impact', 'genshi video', 'genshin', 'genshin game', 'genshin impact', 'genshin impact 2020', 'genshin impact game', 'genshin impact good', 'genshin impact graphics', 'genshin impact introduction', 'genshin impact manga', 'genshin impact wiki', 'geshin', 'geshin game', 'Teyvat', 'yuanshen game', 'miHoYo China', 'miHoYo Japan', 'adventure story', 'open world game', 'anime style', 'MMORPG', 'anime games', 'mobile game', 'MMO PlayStation', 'yt:cc=on']"
139,Xm-yXsm23_c,2022-12-03T16:00:12Z,The Internet Changed Me,UCo8bcnLyZH8tBIH9V1mLgqQ,TheOdd1sOut,,2d,hd,FALSE,TRUE,3841751,235471,16049,0,24,Entertainment,"['internet', 'the internet', 'memes', 'millennial', 'gen z', 'generation z', 'internet explorer', 'pinball', 'space cadet pinball', 'ms pain', 'paint', 'youtube', 'website', 'barfeild', 'cartoon', 'animation', 'funny', 'lol', 'theodd1sout', 'theoddisout', 'theoddonesout', 'James', 'James Rallison', 'dial up']"
140,fC8rp8_XcSo,2022-12-03T22:09:47Z,Fortnite *LIVE* EVENT - END OF CHAPTER 3! (Fracture),UCYVinkwSX7szARULgYpvhLw,Ali-A,,2d,hd,FALSE,TRUE,1634048,48360,2455,0,20,Gaming,"['fortnite live event', 'fortnite fracture event', 'fortnite fracture live event', 'fortnite end of chapter 3', 'fortnite chapter 4', 'fortnite chapter 4 event', 'fortnite chapter 4 live event', 'fortnite chapter 4 trailer', 'fortnite', 'live', 'event', 'fracture', 'end', 'chapter 3', 'chapter 4', 'ali a', 'alia']"
141,Sp2nxlrQ89w,2022-12-03T13:00:09Z,The King - Animation vs. Minecraft Shorts Ep 30,UCbKWv2x9t6u8yZoB3KcPtnw,Alan Becker,,2d,hd,FALSE,TRUE,11403299,630181,73591,0,20,Gaming,
142,u2mUpkApObk,2022-12-04T17:39:41Z,My Tech Hot Takes!,UCBJycsmduvYEL83R_U4JriQ,Marques Brownlee,,2d,hd,TRUE,TRUE,2019274,108367,8048,0,20,Gaming,"['MKBHD', 'hot takes', 'tech hot takes', 'panel gaps', 'Tesla panel gaps', '5G sucks']"
143,0EOXWiTT2so,2022-12-03T18:15:42Z,Goodbye Grant & Micah,UCfi-mPMOmche6WI-jkvnGXw,Good Good,,2d,hd,FALSE,FALSE,1190441,31584,10394,0,20,Gaming,"['golf', 'good good']"
144,ynkOBvqG7j4,2022-12-04T06:08:45Z,Nick Eh 30 reacts to Fortnite Chapter 4 EVENT!,UCt9nYeSz90lnOnaVFjxFJzw,Nick Eh 30,,2d,hd,FALSE,TRUE,952608,21189,1870,0,20,Gaming,"['fortnite', 'fortnite gameplay', 'fortnite battle royale', 'fortnite funny moments', 'fortnite new update', 'fortnite victory royale', 'Fortnite Item Shop', 'Fortnite funny', 'Fortnite tips', 'Fortnite Update', 'Fortnite How To Win', 'Fortnite how to play', 'Fortnite Victory Royale', 'Fortnite tournament', 'fortnite best moments', 'Fortnite event', 'Nick eh 30', 'FORTNITE new map', 'Fortnite live', 'Fortnite nick eh 30', 'fortnite new season', 'Fortnite Chapter 4', 'Fortnite Chapter 4 Season 1']"
145,8L398OvmyxM,2022-12-03T22:19:40Z,Fortnite CHAPTER 4 EVENT Reaction!,UC_q5WZtFp36adwqhKpZzxwQ,SypherPK,,2d,hd,FALSE,TRUE,1263716,35183,4149,0,20,Gaming,"['fortnite', 'fortnite battle royale', 'competitive', 'gaming', 'highlights', 'gameplay', 'fortnite highlights', 'fortnite tips', 'stream highlights', 'how to play', 'fortnite gameplay', 'sypher', 'new update', 'fortnite chapter 2', 'sypherpk', 'fortnite update', 'fortnite new patch', 'fortnite new item', 'everything epic didnt tell you', 'fortnite new update', 'fortnite leaks', 'fortnite event', 'mr beast fortnite', 'fortnite chapter 3', 'undercover', 'fortnite chapter 4', 'chapter 4', 'fracture', 'live event', 'typical gamer', 'tg plays']"
146,3nbQmrgL1Ag,2022-12-03T23:15:55Z,"Tyson Fury Ko's Chisora in Rd 10, Ends Trilogy in Front of 60,000 people | FIGHT HIGHLIGHTS",UCbzRzJNHx7ZLlJML9BjZQVQ,Top Rank Boxing,,2d,hd,FALSE,TRUE,315013,2842,1471,0,20,Gaming,"['top rank boxing', 'boxing', 'tyson fury', 'tyson fury highlights', 'tyson fury vs dereck chisora', 'tyson fury vs dereck chisora 3', 'tyson fury vs dereck chisora 1', 'tyson fury vs dereck chisora 2', 'tyson fury vs dereck chisora 2 highlights', 'fury vs wilder 3', 'fury vs chisora', 'fury vs chisora 3', 'fury vs chisora 3 predictions', 'derek chisora', 'tyson fury vs chisora 3', 'tyson fury vs oleksandr usyk', 'fury vs oleksandr usky', 'fury vs usyk']"
147,#NAME?,2022-12-03T23:53:51Z,adhd,UCOsATJw-IZgqGT8MFrHjKGg,Ice Cream Sandwich,,2d,hd,FALSE,TRUE,1967399,217153,14557,0,20,Gaming,
148,5knwtnTf7BQ,2022-12-05T01:30:17Z,"LAKERS at WIZARDS | NBA FULL GAME HIGHLIGHTS | December 4, 2022",UCWJ2lWNubArHWmf3FIHbfcQ,NBA,,2d,hd,FALSE,TRUE,2028672,24634,3053,0,20,Gaming,"['Basketball', 'G League', 'NBA', 'game-0022200349']"
149,EdCOhRdkkyY,2022-12-04T14:18:49Z,fortnite chapter 4 is INSANE!,UC-sjC5fKKsrpcZRJwlZJzZQ,McCreamy,,2d,hd,FALSE,TRUE,919605,29426,9785,0,20,Gaming,"['fortnite', 'fortnite battle royale', 'fortnite gameplay', 'challenge', 'epic', 'mccreamy', 'new', 'update', 'memes', 'funny moments', 'glitches', 'funny', 'video games', 'gaming', 'fortnite best plays', 'fortnite challenges', 'epic games', 'fortnite glitches', 'fortnite glitch', 'free vbucks', 'fortnite vbucks', 'fortnite moments', 'new fortnite season', 'new fortnite', 'fortnite new', 'battlepass', 'fortnite update', 'new fortnite update', 'fortnite chapter 4', 'chapter 4', 'fortnite live event', 'chapter 4 event', 'fortnite chapter 4 battlepass']"
150,eWjz8_KMll4,2022-12-03T15:30:10Z,I Bought the most SATISFYING Viral Tiktok Products,UCAM2fyCjEdROyELretVTiiw,HopeScope,,2d,hd,FALSE,TRUE,1612349,53468,2045,0,26,Howto & Style,"['funny', 'relatable', 'fail', 'tik tok', 'tik tok trend', 'tik tok hacks', 'funny tik tok', 'life hack', 'trying tik tok products', 'tik tok fail', 'tiktok clothes', 'small business haul', 'amazon products', 'tiktok dress', 'mini products', 'mini everyday objects', 'dress', 'gown', 'fashion', 'shopping', 'UV dress', 'color changing dress', 'satisfying tiktoks', 'ASMR', 'nail art printer', 'tiktok lights']"
151,ddyHiDD27Us,2022-12-04T18:30:34Z,Sidemen - This or That (Official Music Video),UCh5mLn90vUaB1PbRRx_AiaA,MoreSidemen,,2d,hd,FALSE,TRUE,4405421,436077,10302,0,26,Howto & Style,"['sidemen', 'moresidemen', 'miniminter', 'ksi', 'zerkaa', 'behzinga', 'tbjzl', 'vikkstar', 'wroetoshaw']"
152,JvNTlCpN2sE,2022-12-03T22:12:35Z,DDG - In Love With A Mermaid,UCKqqDlf6lfo3ChRA4-gzusQ,DDG,,2d,hd,FALSE,TRUE,462248,51127,3825,0,26,Howto & Style,"['ddg', 'ddg music', 'ddg in love with a mermaid', 'ddg mermaid', 'ddg halle', 'ddg halle bailey', 'the little mermaid', 'ddg the little mermaid']"
153,0y-73m0SIvM,2022-12-03T20:27:05Z,Everything Must Move!  Entire Shop rearrange!,UCJVsZlOKBCUN8MMJeDmnA4g,Vice Grip Lodge,,2d,hd,FALSE,TRUE,539950,34889,3449,0,26,Howto & Style,"['VGG', 'vise grip garage', 'vice grip garage', 'bts', 'behind the scenes', 'home', 'house', 'repair', 'cooking', 'show']"
154,ePqkCl4MsKQ,2022-12-03T14:43:04Z,why I'm done making videos.,UCjgpFI5dU-D1-kh9H1muoxQ,Hacksmith,,2d,hd,FALSE,TRUE,4105916,375360,16668,0,26,Howto & Style,"['thehacksmith', 'hacksmith', 'engineering', 'tech', 'entertainment', 'history', 'future', 'marvel', 'thor', 'spiderman', 'captain america', 'stem', 'science', 'art', 'math', 'iron man', 'technology', 'youtube success', 'mental health', 'lightsaber', 'innovation', 'real talk', 'backflip', 'education', 'projects', 'real prototypes', 'movie props', 'dream job', 'passion', 'overwork', 'burnout', 'stark industries', 'tony stark', 'startup', 'corporate', 'research campus', 'experiments', 'collaboration', 'creation', 'workshop', 'mechanical', 'electrical', 'coding']"
155,LU9JtSwxBqI,2022-12-03T14:30:09Z,Beating Minecraft's Easter Egg Update,UCvt0HYxX34vUvqu66HLXeUw,rekrap2,,2d,hd,FALSE,TRUE,1069712,41939,2751,0,20,Gaming,"['rekrap', 'lifesteal', 'Minecraft']"
156,aDyDg04x1W0,2022-12-03T23:10:45Z,Gen V - Season 1 | First Look | Prime Video,UCQJWtTnAHhEG5w4uN0udnUQ,Prime Video,,2d,hd,TRUE,TRUE,647374,22694,752,0,20,Gaming,"['gen v', 'gen v prime video', 'prime video gen v', 'gen v video', 'gen v videos', 'action', 'action series', 'action show', 'prime video', 'amazon prime video', 'amazon prime', 'amazon', 'prime', 'gen v first look', 'first look', 'first look prime video', 'prime video first look', 'gen v the boys', 'amazon video']"
157,VS0oPwb3sag,2022-12-03T16:00:11Z,$13 Shrimp Vs. $27 Shrimp,UCVd4vxmL1SO5wHe8VpyA_NA,About To Eat,,2d,hd,FALSE,TRUE,1580264,59788,2064,0,20,Gaming,"['worth it', 'buzzfeed worth it', 'adam bianchi', 'andrew ilnyckyj', 'about to eat', 'about to eat worth it', 'worth it 2022', 'steven lim', 'shrimp', 'cheap shrimp', 'expensive shrimp', 'po boy', 'shrimp po boy', 'new orleans', 'new orleans restaurants', 'abita', 'golden nugget', 'barbecue shrimp', 'bbq shrimp', 'new orleans cuisine', 'shrimp cheesecake', ""lil dizzy's new orleans"", 'lil dizzys cafe', 'luvi', 'cafe sbisa', 'cafe sbisa new orleans', 'jacques-imos nola', 'jacques-imos alligator cheesecake']"
158,LhZA9lDSTaw,2022-12-03T22:43:32Z,"Tyson Fury Confronts Oleksandr Usyk After Knocking Out Derek Chisora in front of 60,000 people",UCbzRzJNHx7ZLlJML9BjZQVQ,Top Rank Boxing,,2d,hd,FALSE,TRUE,1477855,14348,6827,0,20,Gaming,"['top rank boxing', 'boxing', 'tyson fury', 'tyson fury highlights', 'tyson fury vs dereck chisora', 'tyson fury vs dereck chisora 3', 'tyson fury vs dereck chisora 1', 'tyson fury vs dereck chisora 2', 'tyson fury vs dereck chisora 2 highlights', 'fury vs wilder 3', 'fury vs chisora', 'fury vs chisora 3', 'fury vs chisora 3 predictions', 'derek chisora', 'tyson fury vs chisora 3', 'tyson fury vs oleksandr usyk', 'fury vs oleksandr usky', 'fury vs usyk']"
159,L0pb1OapSoQ,2022-12-04T01:56:54Z,No. 14 LSU vs No. 1 Georgia I SEC Championship Extended Highlights I CBS Sports HQ,UCja8sZ2T4ylIqjggA1Zuukg,CBS Sports HQ,,2d,hd,FALSE,TRUE,161587,1065,238,0,20,Gaming,"['lsu tigers', 'sec championship 2022', 'kirby smart', 'georgia football', 'lsu vs georgia', 'uga football', 'lsu vs georgia sec championship 2022', 'lsu vs georgia 2022', 'lsu tigers vs georgia bulldogs', 'college football playoff', 'lsu tigers football', 'georgia vs lsu sec championship', 'georgia bulldogs highlights', 'georgia bulldogs vs lsu', 'SEC Championship Highlights', 'LSU Georgia Highlights', 'SEC Highlights']"
160,_WCD3Z9UmJ4,2022-12-02T17:00:06Z,Metro Boomin & Future - Superhero (Heroes & Villains) [Official Music Video],UCDjTW0_B3701WSfxYnDIFSg,MetroBoominVEVO,,2d,hd,FALSE,TRUE,3685991,176364,4321,0,10,Music,"['Metro', 'Metro Boomin', 'Boominati', 'Heroes', 'Heroes and Villains', 'Villains', 'Heroes Trilogy', 'Metro Booming', 'Young Thug', 'Young Nudy', 'Chris Brown', 'John Legend', 'Future', '21 Savage', 'The Weeknd', 'Heroes Villains', 'Gunna', 'Takeoff', 'Asap Rocky', 'Travis Scott', 'Don Toliver', 'Mustafa']"
161,6GwRShckMY4,2022-12-03T21:01:19Z,Finding out I'm PREGNANT! Again!,UCEgJCCqAuurk-tSvrIUs-pg,Riss & Quan,,2d,hd,FALSE,TRUE,710644,55259,2934,0,10,Music,"['finding out im pregnant', 'pregnant', 'were pregnant', 'baby', 'surprise', 'reaction', 'emotional', 'pregnancy', 'reveal', 'pregnancy announcement', 'family', 'love']"
162,dQsfGfaulM8,2022-12-03T13:00:17Z,I Survived 100 Days as a PENGUIN in Minecraft,UCHRTfR2r0Ss3UjFyw7gSA-A,Ryguyrocky,,2d,hd,FALSE,TRUE,867940,16670,1236,0,10,Music,"['Minecraft', 'minecraft roleplay', 'Minecraft 100 Days', 'I Survived 100 Days as a PENGUIN in Minecraft', 'Minecraft Custom Mod', 'Minecraft Custom Map', 'minecraft 100 day penguin', '100 day penguin', 'ryguyrocky 100', 'minecraft academy', 'academy', 'minecraft mod', 'minecraft mods', 'spotlight', 'playthrough', 'no cursing', 'no swearing', 'family friendly', 'kid friendly', 'kid', 'kids', 'school', 'ryguyrocky', 'Penguin', 'Minecraft Penguin', '100 Days Penguin', '100 Days Minecraft', 'Minecraft Baby Penguin', 'Christmas']"
163,u3V5KDHRQvk,2022-12-01T22:01:32Z,Marvel Studios‚Äô Guardians of the Galaxy Volume 3 | Official Trailer,UCvC4D8onUfXzvjTOM-dBfEA,Marvel Entertainment,,2d,hd,TRUE,TRUE,22767373,697826,35014,0,10,Music,"['marvel', 'comics']"
164,EzAuUCPaYCg,2022-12-03T03:22:12Z,"LAKERS at BUCKS | NBA FULL GAME HIGHLIGHTS | December 2, 2022",UCWJ2lWNubArHWmf3FIHbfcQ,NBA,,2d,hd,FALSE,TRUE,3028287,37192,5055,0,10,Music,"['Basketball', 'G League', 'NBA', 'game-0022200331']"
165,md8R7kBoyOs,2022-12-03T02:00:07Z,Meek Mill - Don't Give Up On Me ft. @fridayyofficial  (Official Video),UC9HlWVtENbiMQzVRmnbJxtw,Meek Mill,,2d,hd,FALSE,FALSE,1004182,51181,2178,0,10,Music,"['meek mill', 'meek', 'mill', 'hip hop', 'rap', 'atlantic', 'atlantic records', 'wins & losses', 'dreams worth more than money', 'stay woke', 'dangerous', 'champions', 'championship', 'Intro', 'trauma', 'whats free', 'Respect the game', 'splash warning', 'going bad', 'almost slipped', 'expensive pain', 'sharing locations', 'EXPENSIVE PAIN', 'MEEK NEW ALBUM', 'NEW MEEK']"
166,x4p_7_hZO4Y,2022-12-04T13:16:05Z,CHAPTER 4 IS INSANE!,UCTgQTM6B97Tk5FPNOWZMB1Q,x2Twins,,2d,hd,FALSE,TRUE,557221,18918,602,0,10,Music,"['x2twins', 'x twins', 'twins', 'fortnite', 'oce', 'battle royale', 'x2jesse', 'jesse', 'x2jordan', 'jordan', 'chapter 3', 'season 3', 'chapter 3 season 3']"
167,waHbFHwi5b0,2022-12-03T16:00:24Z,WE PAID $72 FOR THIS FIRST CLASS SUITE (Etihad First Class Experience),UC4ijq8Cg-8zQKx8OH12dUSw,Kara and Nate,,2d,hd,FALSE,TRUE,840223,28246,1624,0,10,Music,"['first class', 'flight review', 'first class review', 'first class flight', 'etihad airways', 'etihad first class', 'most luxury flight', 'emirates first class suite', 'emirates first class review', 'emirates first class vs business class', 'flight reviews 2022', 'flight review first class', 'flight review emirates', 'first class review airplane', 'etihad first class suite', 'eithad first class review', 'lufthansa first class review', 'etihad first class lounge abu dhabi', 'abu dhabi airport first class lounge']"
168,SigkFyo0uWM,2022-12-03T00:00:08Z,Jelly Roll - she (Official Music Video),UCtyzzW6rIQiGP7gfGTXkhDw,Jelly Roll,,2d,hd,FALSE,TRUE,606907,29106,2076,0,10,Music,"['Jelly Roll', 'Jely Roll', 'Billboard top 100', 'Son of a sinner Jelly Roll', 'jellyroll', 'son of a sinner', 'save me', 'jelly roll music', 'new jelly roll song', 'new jelly roll music', 'jelly roll songs', 'jelly roll she', 'songs about addiction', 'jelly roll tik tok', 'jelly roll instagram', 'she song', 'jelly music', 'jelly songs', 'jelly she', 'see the sunrise in her eyes', 'she was the life of the party', 'she official audio', 'jelly roll rock songs', 'she jelly roll', 'she video', 'jelly youtube', 'she music video']"
169,LoQZYfhGptc,2022-12-02T22:00:13Z,Can Our Giant Axe Chop A Tesla In Half?,UC5f5IV0Bf79YLp_p9nfInRA,How Ridiculous,,2d,hd,FALSE,TRUE,2192073,75870,4782,0,10,Music,"['how ridiculous', 'rexy', '44club']"
170,h5hzHCmDZEI,2022-12-03T15:01:53Z,1 Day To Catch As Many Shiny Pokemon As Possible,UCLc_ZQgQ8h2XKUAQpqcvIdw,PM7,,2d,hd,FALSE,TRUE,437171,12750,1038,0,20,Gaming,"['pokemon', 'pokemon scarlet', 'pokemon violet', 'shiny pokemon', 'pokemon scarlet and violet', 'shiny hunting', '24 hours', 'pokemon challenge', 'all shiny pokemon', 'pokemon scarlet and violet gameplay', 'pm7', 'pm7 shiny pokemon', 'pm7 shiny', 'pm7 shiny hunting', 'pm7 scarlet and violet', 'shiny pokemon scarlet and violet', 'i spent 24 hours shiny hunting', 'how many shinies in 24 hours', 'scarlet and violet shiny pokemon', 'shiny hunting scarlet and violet', 'new shiny pokemon', 'how to get shiny pokemon', 'shiny']"
171,jfOUVYQnuhw,2022-12-02T19:15:06Z,‚úàÔ∏è The Maddening Mess of Airport Codes! ‚úàÔ∏è,UC2C_jShtL725hvbm1arSV9w,CGP Grey,,2d,hd,FALSE,TRUE,2252132,145441,5682,0,20,Gaming,"['cgpgrey', 'education']"
172,B0PiIsgmsTo,2022-12-03T17:16:34Z,A Very Kirbo Christmas: Christmas at Waddle Dee's üéÑüéÑüéÑ,UCLFXk9J3O-hhOk0msOjKYdQ,TerminalMontage,,2d,hd,FALSE,TRUE,906966,109456,7609,0,20,Gaming,"['terminalmontage', 'terminal', 'montage', 'jeremey', 'jer', 'chinshue', 'nintendo', 'animation', 'cartoon', 'animated', 'something', 'about', 'cartoon violence', 'fighting', 'action', 'meme', 'parody', 'comedy', 'funny', 'loud', 'screaming']"
173,BWCcI9hdurA,2022-12-03T15:46:59Z,Fortnite Chapter 4 Battle Pass Trailer (Full Showcase),UC3dzLwZqGs5WVqBZZQMwy6Q,Coldside,,2d,hd,FALSE,TRUE,907668,7852,1192,0,20,Gaming,"['fortnite chapter 4 battle pass trailer', 'fortnite chapter 4 battle pass', 'fortnite chapter 4 battle pass skins', 'fortnite chapter 4 trailer', 'fortnite chapter 4 season 1', 'chapter 4 fortnite battle pass trailer', 'fortnite', 'fortnite chapter 4 battle pass showcase', 'chapter 4', 'fortnite chapter 4', 'fortnite chapter 4 season 1 battle pass', 'fortnite chapter 4 season 1 trailer']"
174,ZfVYgWYaHmE,2022-12-01T21:00:16Z,Indiana Jones and the Dial of Destiny | Official Trailer,UCnwY6fAhE3ePu0F2nMP-DLg,Lucasfilm,,2d,hd,TRUE,TRUE,8962527,162880,20649,0,20,Gaming,"['James Mangold', 'Harrison Ford', 'Indiana Jones', 'Lucasfilm', 'Phoebe Waller-Bridge', 'Antonio Banderas', 'John Rhys-Davies', 'Shaunette Renee Wilson', 'Thomas Kretschmann', 'Toby Jones', 'Boyd Holbrook', 'Oliver Richters', 'Ethann Isidore', 'Mads Mikkelsen', 'Kathleen Kennedy', 'Frank Marshall', 'Simon Emanuel', 'Steven Spielberg', 'George Lucas', 'John Williams', 'Indiana Jones 5', 'dial of destiny', 'Indiana Jones Dial of Destiny']"
175,Ru_C3oloDBI,2022-12-02T20:57:07Z,Guardians of the Galaxy Vol 3 Trailer BREAKDOWN! Easter Eggs & Details You Missed!,UC7yRILFFJ2QZCykymr8LPwA,New Rockstars,,2d,hd,FALSE,TRUE,1117432,30985,1208,0,24,Entertainment,"['new rockstars', 'new rockstars youtube', 'youtube new rockstars', 'guardians', 'guardians of the galaxy', 'guardians of the galaxy volume 3', 'guardians of the galaxy volume 3 trailer', 'guardians of the galaxy vol 3 trailer', 'guardians of the galaxy 3 trailer', 'guardians of the galaxy volume 3 trailer breakdown', 'trailer breakdown', 'rocket', 'adam warlock', 'marvel', 'rocket dies', 'rocket death']"
176,u18be_kRmC0,2022-12-02T04:59:59Z,RM 'Îì§ÍΩÉÎÜÄÏù¥ (with Ï°∞Ïú†ÏßÑ)' Official MV,UC3IZKseVpdzPSBaWxBxundA,HYBE LABELS,,2d,hd,TRUE,TRUE,23669055,3251955,374595,0,24,Entertainment,"['HYBE', 'HYBE LABELS', 'ÌïòÏù¥Î∏å', 'ÌïòÏù¥Î∏åÎ†àÏù¥Î∏îÏ¶à']"
177,ZZxnDCJTOxs,2022-12-02T21:00:13Z,What it Actually Takes to Race a $500 Car for 24 Hours!,UCes1EvRjcKU4sY_UEavndBw,ChrisFix,,2d,hd,TRUE,TRUE,1432994,70465,5300,0,24,Entertainment,"['ChrisFix', 'ChrisFix Lemon BMW', 'Lemon BMW', 'BMW', 'Racing', '24 hours of lemons', 'endurance racing', '24 hours of lemons chrisfix', 'grassroots motorsports', '24 hours of lemons crashes']"
178,BluVmzxq6U0,2022-12-02T21:00:08Z,Squishy Makeovers: Christmas/Winter,UCYAB7hh1ohA8-iX54EpMdeA,Moriah Elizabeth,,2d,hd,FALSE,TRUE,1555501,71257,11824,0,24,Entertainment,
179,f5m9x3O2YeQ,2022-12-04T20:51:10Z,Fortnite CHAPTER 4 - Everything NEW EXPLAINED!,UCYn6CZe5UGIyPe9WJb0pTrg,Top5Gaming,,2d,hd,FALSE,TRUE,1105565,32393,2457,0,24,Entertainment,"['fortnite chapter 4', 'Fortnite CHAPTER 4 - Everything NEW EXPLAINED!', 'fortnite', 'fortnite new chapter', 'new fortnite chapter', 'new fortnite', 'fortnite new', 'fortnite secrets', 'fortnite chapter 4 secrets', 'fortnite chapter 4 battlepass', 'fortnite chapter 4 easter eggs', 'fortnite chapter 4 myths', 'chapter 4 fortnite', 'chapter 4 fortnite secrets', 'fortnite new secrets', 'fortnite event', 'fort', 'nite', 'battle royale', 'chapter 4', 'secrets', 'new', 'update', 'video']"
180,2IwhkJ0XzRE,2022-12-01T23:23:01Z,Why I've Been Gone,UCQCjPX6e8jI3ukAS-FijXjw,MindofRez,,2d,hd,FALSE,TRUE,2524454,224472,22073,0,24,Entertainment,"['Mindofrez', 'mind of rez', 'mindofrez fortnite', 'mindofrez prank', 'kaylen', 'mindofrez challenging', 'rez', 'faze kay', 'mindofrez jayden', 'jarvis', 'mindofrez kaylen', 'mindofrez squad', 'kaylen vs jarvis', 'faze sway', 'faze clan', 'kaylen the god', 'faze jarvis', 'mindofrez vlogs']"
181,1LVZdVnP3FQ,2022-12-04T19:29:35Z,UNLOCKABLE PERKS IN FORTNITE! (CHAPTER 4),UCh7EqOZt7EvO2osuKbIlpGg,Lachlan,,2d,hd,FALSE,TRUE,488921,21893,648,0,24,Entertainment,"['fortnite battle royale', 'fortnite', 'lachlan', 'lachy', 'duos', 'new season', 'battle royal', 'lacy', 'laclan', 'epic games', 'gaming', 'esports', 'games', 'video games', 'poggies', 'battle royale', 'warzone', 'pubg', 'lachydachy', 'power', 'pwr', 'rocketleague', 'rlcs', 'fortniteupdate', 'update', 'battlepass', 'battle', 'pass']"
182,61ymOWwOwuk,2022-12-02T05:00:04Z,"Metro Boomin, The Weeknd, 21 Savage - Creepin' (Visualizer)",UCDjTW0_B3701WSfxYnDIFSg,MetroBoominVEVO,,2d,hd,FALSE,TRUE,3854483,163793,3928,0,24,Entertainment,"['Metro', 'Boomin', 'The', 'Weeknd', 'Savage', ""Creepin'"", '(Visualizer)', 'Republic', 'Records', 'Hip', 'Hop', 'Metro Boomin', 'Boominati', 'Heroes', 'Heroes and Villains', 'Villains', 'Heroes Trilogy', 'Metro Booming', 'Young Thug', 'Young Nudy', 'Chris Brown', 'John Legend', 'Future', '21 Savage', 'The Weeknd', 'Heroes Villains', 'Gunna', 'Takeoff', 'Asap Rocky', 'Travis Scott', 'Don Toliver', 'Mustafa']"
183,Vc90UBSsDpU,2022-12-03T13:00:29Z,I Transformed the DESERT TEMPLE in Minecraft Hardcore,UCIVSqoHCUN1XdEpiVItxfoQ,aCookieGod,,2d,hd,FALSE,TRUE,1433073,63270,6341,0,24,Entertainment,"['acookiegod', 'a cookie god', 'a cookie god minecraft', 'cookie minecraft', 'minecraft cookie', 'minecraft cookie god', 'cookie god', 'acookiegod series', 'acookiegod hardcore', 'minecraft hardcore', 'hardcore minecraft', 'minecraft', 'extracookie', 'i transformed the desert temple in minecraft hardcore', 'i upgraded the desert temple in minecraft hardcore', 'i transformed the desert pyramid in minecraft hardcore']"
184,nWVt5vMUU-I,2022-12-04T05:14:58Z,"Purdue vs. Michigan | Highlights | Big Ten Football Championship | Dec. 3, 2022",UC4LeRw7pIZ_kseS4Krn_DQA,Big Ten Network,,2d,hd,FALSE,TRUE,110089,949,249,0,24,Entertainment,"['Michigan Wolverines', 'Purdue Boilermakers', 'Purdue Boilermakers vs. Michigan Wolverines']"
185,J3q2E1oFyA8,2022-12-02T22:00:13Z,Minecraft But XP = Realism,UCJZam2u1G0syq3kyqrCXrNw,PrestonPlayz,,2d,hd,FALSE,TRUE,1487141,49514,1088,0,20,Gaming,"['minecraft', 'mcpe', 'family', 'family friendly', 'challenge', 'funny', 'comedy', 'preston', 'brianna', 'prestonplayz', 'briannaplayz', 'gaming', 'gameplay', 'funny moments', 'game', 'Minecraft', 'no swearing', 'no cursing', 'minecraft but', 'games', '2022', 'minecraft challenge', 'Gameplay', 'minecraft mod', 'minecraft funny', 'minecraft but challenge', 'memes', 'minecraft update', 'minecraft 1.19', 'minecraft facts', 'minecraft but you', 'minecraft 1.18', 'clean minecraft videos', 'Comedy', 'Funny Moments', 'FUNNY MOMENTS']"
186,RcTLBsXvzQk,2022-12-01T21:00:03Z,Most Dangerous Animals!,UCUaT_39o1x6qWjz7K2pWcgw,Beast Reacts,,2d,hd,FALSE,TRUE,7128226,212753,4305,0,20,Gaming,"['life hacks', 'crafts', 'slime', 'do it yourself', 'diy', 'lifehacks', 'dily projects', 'useful things', 'how to', 'experiment', 'experiments', 'diy activities', 'handcraft', 'prank', 'funny', 'challenge', 'pranks', 'secret', 'diy slime', 'laugh', 'new', 'skills', 'tricks', 'tips', 'fun']"
187,a3ZzubvU9ZE,2022-12-02T20:00:01Z,We Made a Pirate Ship and Battled it!,UCaRH3rDr3K3CEfhVqu5mgUQ,Team Edge,,2d,hd,FALSE,TRUE,505062,20816,603,0,20,Gaming,"['team edge', 'team edge challenge', 'teamedge', 'challenges', 'competition']"
188,UprpdwaJ3pI,2022-12-04T12:27:09Z,New *CHAPTER 4* BATTLE PASS in Fortnite!,UCqVCSWnuOSPm26orvNDTuWQ,TG Plays,,2d,hd,FALSE,TRUE,886593,21842,2213,0,20,Gaming,
189,qyi1DaFZzXQ,2022-12-02T05:00:30Z,Morgan Wallen - Tennessee Fan (Lyric Video),UCzIyoPv6j1MAZpDHKLGP_eA,Morgan Wallen,,2d,hd,FALSE,FALSE,867205,16201,1012,0,20,Gaming,
190,Yi0Mdvcg1Dg,2022-12-02T14:00:13Z,Bodies Bodies Bodies (2022) KILL COUNT,UC2IYWWifoIht9T47z1Z5lJw,Dead Meat,,2d,hd,TRUE,TRUE,1048575,59430,2644,0,1,Film & Animation,"['horror', 'dead meat', 'movies', 'scary', 'kills', 'kill count', 'body count', 'james a. janisse', 'jaj', 'pine commander boogie', 'DMKC', 'dead meat kill count', 'bodies', 'bodies bodies bodies', 'bodies bodies bodies movie review', 'bodies bodies bodies movie reaction', 'bodies bodies bodies 2022', 'bodies bodies bodies interview', 'movie review', 'bodies bodies bodies review', 'bodies bodies bodies cast', 'bodies bodies bodies clip', 'bodies bodies bodies spoilers', 'bodies bodies bodies 2022 review', 'bodies bodies bodies a24']"
191,W-0T-dzaXNE,2022-12-02T18:38:13Z,Can Ash Ketchum Beat Pokemon Scarlet?,UCl4vHlsw4s5TVGFpVsj54Rg,Keegan J,,2d,hd,FALSE,TRUE,638099,12167,1129,0,1,Film & Animation,"['Pokemon', 'Challenge', 'Ash', 'Ketchum', 'Scarlet', 'Violet']"
192,EuidA5UIfuc,2022-12-02T19:11:05Z,All the Strongest New Pok√©mon in Scarlet and Violet,UCSAYHSNaY5_UEol4_frPurg,MandJTV,,2d,hd,FALSE,TRUE,652140,24438,2675,0,1,Film & Animation,"['New Pokemon games', 'New Pokemon', 'Top Pokemon', 'Pokemon Talk', 'MandJTV', 'MandJTV Pokevids', 'gaming', 'video games', 'nintendo switch', 'nintendo', 'pokemon', 'new games', 'family friendly', 'top 10', 'top 5', 'charizard', 'greninja', 'pikachu', 'best pokemon', 'all pokemon', 'original pokemon', 'retro games', 'retro pokemon games', 'nintendo pokemon', 'pokemon legends arceus', 'pokemon scarlet and violet', 'gen 9', 'strongest pokemon']"
193,aKA4wH3Mg7Y,2022-12-02T05:00:00Z,Morgan Wallen - One Thing At A Time (Lyric Video),UCzIyoPv6j1MAZpDHKLGP_eA,Morgan Wallen,,2d,hd,FALSE,FALSE,797528,15627,673,0,1,Film & Animation,
194,F1QqJ74AuTc,2022-12-02T20:45:18Z,I Became a MASS MURDERING Deer,UC-XTuGOHIF7vWvbhJZ56wbw,Socksfor2,,2d,hd,FALSE,TRUE,735519,19856,693,0,1,Film & Animation,"['Socksfor2', 'Socksfor1', 'deer simulator', 'deeeer simulator', 'deeeer simulator gameplay', 'deer simulator gameplay', 'simulator', 'deeeer simulator your average everyday deer game', 'deer sim', 'deer simulator boss', 'deeeer simulator game', 'deer', 'deer simulator lets play', 'deeeer simulator boss', 'deer simulator pc', 'deer simulator game', 'deer simulator ending', 'sam tabor deer simulator', 'deeeer simulator funny moments', 'deer simulator funny moments', 'goat simulator', 'simulator games', 'socksfor3', 'socksreact', 'lol']"
195,MV1HBZr1gdk,2022-12-02T22:13:30Z,I Survived 24 Hours Straight,UCGnSHwhOAczNqhGDiYt0Q8g,ryan trahan,,2d,hd,FALSE,TRUE,830312,60029,2638,0,24,Entertainment,"['ryan trahan', 'gamerboy ryan', 'I survived', 'I survived 24 hours straight']"
196,JyTlMR8LEdQ,2022-12-02T05:00:12Z,Morgan Wallen - Days That End In Why (Lyric Video),UCzIyoPv6j1MAZpDHKLGP_eA,Morgan Wallen,,2d,hd,FALSE,FALSE,714359,14940,474,0,24,Entertainment,
197,Mn3mbbteNQ8,2022-12-02T18:10:09Z,Our Very Chaotic Family Christmas Competition...,UC-vaBe-YMpvcZL5rQ5OopZw,morgans vlogs,,2d,hd,FALSE,TRUE,390672,23748,1562,0,24,Entertainment,"['morgan', 'Morgans vlogs', 'Morgan adams', 'Ryland adams', 'Morgan Adams vlogs', 'MORGAN HOUSE RENO', 'house tour', 'house reno', 'vlogmas', 'vlogmas day', 'christmas decor', 'Morgan house renovations', 'family channel', 'family competition', 'Ryland Shane morgan', 'christmas', 'Morgan and trinity', 'VLOGMAS', 'vlogmas day 1', 'cookie competition', 'cookie decorating contest', 'decorating contest', 'Christmas contest', 'shane', 'Rylands vlogs', 'postmates', 'postmates pickes winner', 'vlogger', 'Morgan family competition', 'family']"
198,C-THgDfLjog,2022-12-02T19:00:05Z,"Pawn Stars: ""HOW IS THIS LEGAL?!"" Top 5 *Almost* Illegal Items",UCmyjVwYZbp5YPYTUyeopO2g,Pawn Stars,,2d,sd,FALSE,TRUE,678178,6715,483,0,24,Entertainment,"['pawn', 'pawn stars', 'pawn stars episode', 'pawn stars full episode', 'the pawn stars', 'pawn star', 'pawn stars episodes', 'pawn stars chumlee', 'pawn shop', 'pawnstars', 'pawn stars old man', 'pawn stars full episodes', 'chumlee', 'history', 'history channel', 'history shows', 'history channel shows', 'rick harrison', 'pawn stars clips', 'las vegas', 'gold & silver pawn shop', 'gold and silver', 'corey harrison', 'missiles', 'counterfeit', 'counterfeit money', 'moonshine still', 'drug stamps', 'poker cheating', 'illegal']"
199,5wd1KuMZysg,2022-12-02T18:06:40Z,Princess Catherine greets the crowd outside Harvard University,UCi4fcBVyo4CAnmdgXeO-NvA,CBS Boston,,2d,hd,FALSE,TRUE,861527,13900,2893,0,24,Entertainment,"['CBSN Boston', 'Harvard University', 'Princess Catherine']"